z,y,x,rad,frame,xum,yum,zum,particle
1.18268845339,32.0496580654,124.351113362,7.3343032478,0.0,15.792591397,4.0703065743,0.141922614407,0.0
0.871423142221,32.2859020165,123.888749241,7.37941417394,1.0,15.7338711536,4.1003095561,0.104570777067,0.0
0.668953575377,32.5936241423,125.042234479,7.49699028801,2.0,15.8803637788,4.13939026608,0.0802744290452,0.0
0.656905922617,32.3347546115,126.275830697,7.48825665138,3.0,16.0370304986,4.10651383567,0.078828710714,0.0
0.657383075775,68.998617876,89.3882344932,7.64543129033,0.0,11.3523057806,8.76282447025,0.078885969093,1.0
0.677078818177,69.0330191424,89.5114590754,7.63934288524,1.0,11.3679553026,8.76719343109,0.0812494581813,1.0
0.788401835384,68.7620486149,90.2460300751,7.65084358685,2.0,11.4612458195,8.73278017409,0.0946082202461,1.0
0.397663858642,69.458121766,91.4415329512,7.74389197888,3.0,11.6130746848,8.82118146428,0.0477196630371,1.0
15.4609260146,40.6043103917,56.2094119942,7.79697295718,0.0,7.13859532327,5.15674741974,1.85531112176,2.0
15.3899139825,40.8431645438,56.0270906019,7.75647898529,1.0,7.11544050644,5.18708189706,1.8467896779,2.0
15.5593279477,41.0228368407,56.633739683,7.79247173272,2.0,7.19248493974,5.20990027877,1.86711935372,2.0
15.8073429841,41.2625550424,57.9124116078,7.79560959085,3.0,7.3548762742,5.24034449039,1.8968811581,2.0
12.1734742894,6.28114100868,43.8040476284,7.85895835901,0.0,5.56311404881,0.797704908103,1.46081691473,3.0
12.0108841739,6.4935815572,43.5385515061,7.79895599072,1.0,5.52939604127,0.824684857764,1.44130610087,3.0
11.3009716387,6.99470149168,44.4773213637,7.9087964203,2.0,5.64861981319,0.888327089443,1.35611659664,3.0
10.7089856203,7.23078867156,45.4423348315,7.92679987442,3.0,5.77117652361,0.918310161288,1.28507827444,3.0
2.54723898947,44.1254641147,49.0455012231,6.91345087617,0.0,6.22877865534,5.60393394257,0.305668678737,4.0
2.507595627,44.6530348479,48.5631721112,6.95145902273,1.0,6.16752285812,5.67093542568,0.30091147524,4.0
2.70581280239,44.7601974954,49.2540965986,6.92822786838,2.0,6.25527026803,5.68454508191,0.324697536287,4.0
3.04696271775,44.824096709,50.6303385601,6.94798650946,3.0,6.43005299713,5.69266028204,0.36563552613,4.0
17.073798664,1.5464787449,65.0783742159,8.06846977269,0.0,8.26495352542,0.196402800602,2.04885583968,5.0
16.8712188032,1.68394122525,65.0162355244,7.99942735324,1.0,8.25706191159,0.213860535607,2.02454625638,5.0
16.8570723529,2.46054777521,65.70343119,7.94086046254,2.0,8.34433576113,0.312489567452,2.02284868235,5.0
16.5946500752,2.32687863895,66.298530325,7.9997515746,3.0,8.41991335128,0.295513587147,1.99135800903,5.0
2.02213298896,47.1427725192,35.8314577119,7.90209113779,0.0,4.55059512941,5.98713210994,0.242655958675,6.0
2.18754124932,47.4675692397,35.3791590653,7.92264317463,1.0,4.4931532013,6.02838129344,0.262504949919,6.0
2.23459296957,47.6690578971,36.0738053947,7.94858809956,2.0,4.58137328513,6.05397035293,0.268151156348,6.0
2.59223309139,47.6707684105,37.3656564857,7.95006438046,3.0,4.74543837369,6.05418758813,0.311067970967,6.0
8.7137635017,41.3611885881,79.3307778718,7.66942890246,0.0,10.0750087897,5.25287095069,1.0456516202,7.0
8.24366676454,41.4924510595,79.1233140683,7.64764230911,1.0,10.0486608867,5.26954128456,0.989240011744,7.0
8.56608581778,41.6660572211,80.103149294,7.66211448045,2.0,10.1730999603,5.29158926707,1.02793029813,7.0
8.7163183011,41.7744395619,81.0023890631,7.63460338235,3.0,10.287303411,5.30535382436,1.04595819613,7.0
6.08002710362,31.2360304139,23.9357433363,6.71606736867,0.0,3.03983940371,3.96697586257,0.729603252435,8.0
5.94104546895,31.4679806086,23.7776766855,6.82034703075,1.0,3.01976493906,3.99643353729,0.712925456274,8.0
5.86846996273,31.5873027658,24.4505468545,6.86808666435,2.0,3.10521945052,4.01158745126,0.704216395528,8.0
6.24898024982,31.5269270291,25.8308904219,6.88577781506,3.0,3.28052308358,4.00391973269,0.749877629978,8.0
10.405223737,114.303450152,89.1443460953,7.87016933698,0.0,11.3213319541,14.5165381693,1.24862684844,9.0
10.399445185,114.429054382,88.9159047205,7.84736332647,1.0,11.2923198995,14.5324899065,1.2479334222,9.0
10.4970017793,114.704025897,90.0205111089,7.88206979014,2.0,11.4326049108,14.567411289,1.25964021352,9.0
10.431909951,114.990934944,91.8640534806,7.87258221506,3.0,11.666734792,14.6038487378,1.25182919412,9.0
3.61152578283,97.3795533165,53.2610539472,8.4308666992,0.0,6.76415385129,12.3672032712,0.43338309394,10.0
2.98126802227,97.0253809058,52.9764169326,8.4990803057,1.0,6.72800495044,12.322223375,0.357752162672,10.0
2.83673761864,97.2049468761,54.1874972189,8.52898239116,2.0,6.8818121468,12.3450282533,0.340408514237,10.0
2.52041746452,98.1609706625,55.6685557487,8.57681307247,3.0,7.06990658009,12.4664432741,0.302450095743,10.0
1.40372082883,72.8670964658,38.9182110328,7.96957963636,0.0,4.94261280117,9.25412125116,0.16844649946,11.0
2.18739272166,73.6016592803,39.5022022035,7.9146093317,1.0,5.01677967984,9.3474107286,0.262487126599,11.0
3.12918322984,73.8129260886,40.8810252293,7.79753511915,2.0,5.19189020412,9.37424161326,0.375501987581,11.0
2.3242187556,74.5772882683,42.1201671255,7.80443992621,3.0,5.34926122494,9.47131561007,0.278906250672,11.0
22.2432565341,82.9274939807,55.1687897722,7.22077173725,0.0,7.00643630107,10.5317917355,2.66919078409,12.0
22.8282924316,83.7157813525,54.4050773423,7.1372314574,1.0,6.90944482247,10.6319042318,2.73939509179,12.0
22.8140297427,83.7485936919,55.3607581519,7.16056632933,2.0,7.03081628529,10.6360713989,2.73768356912,12.0
22.2897423445,84.2446906827,56.5121612825,7.18717952378,3.0,7.17704448287,10.6990757167,2.67476908134,12.0
11.5800658902,77.6985312408,55.5728704074,7.52504598195,0.0,7.05775454175,9.86771346758,1.38960790682,13.0
12.2818608711,78.0147825369,55.3780295335,7.57539132586,1.0,7.03300975075,9.90787738218,1.47382330454,13.0
12.2282508621,78.1014731874,56.4763528035,7.58686654813,2.0,7.17249680604,9.9188870948,1.46739010345,13.0
11.6557872745,78.6877229326,57.1183884231,7.56580202109,3.0,7.25403532974,9.99334081244,1.39869447295,13.0
4.72811816331,2.94001109905,105.673402062,6.92994460768,0.0,13.4205220619,0.37338140958,0.567374179598,14.0
4.43822767621,3.13958166319,104.743248605,6.98481294939,1.0,13.3023925728,0.398726871225,0.532587321145,14.0
3.64125740475,3.11522455258,106.615151804,6.90101828902,2.0,13.5401242791,0.395633518177,0.43695088857,14.0
3.32186159665,2.54161171436,108.60632486,6.82440442543,3.0,13.7930032572,0.322784687723,0.398623391598,14.0
25.9312012801,27.8935762359,33.7819767034,7.48855085796,0.0,4.29031104133,3.54248418196,3.11174415362,15.0
25.9417786957,28.2484980772,33.0576027171,7.50256431171,1.0,4.19831554507,3.58755925581,3.11301344349,15.0
25.8076303091,28.3322310446,33.735082285,7.47833688957,2.0,4.28435545019,3.59819334266,3.09691563709,15.0
26.3073506887,28.2647637703,34.9369067899,7.51348077183,3.0,4.43698716232,3.58962499882,3.15688208264,15.0
15.0068832718,68.0823213925,81.6930096537,7.90308540887,0.0,10.375012226,8.64645481685,1.80082599261,16.0
15.024733017,68.2258026737,81.95047448,7.87661137106,1.0,10.407710259,8.66467693956,1.80296796204,16.0
15.1774606902,67.5125683141,82.7248482489,7.84742368007,2.0,10.5060557276,8.57409617589,1.82129528282,16.0
14.5801898616,68.625023209,83.4324647798,7.89336640592,3.0,10.595923027,8.71537794754,1.74962278339,16.0
17.4342846593,48.3349908773,25.9544817117,7.93836813579,0.0,3.29621917739,6.13854384141,2.09211415912,17.0
17.9827084751,48.1756065152,26.0337995721,7.85515400401,1.0,3.30629254565,6.11830202743,2.15792501701,17.0
17.5662862968,47.7669369871,26.9260077611,7.908086499,2.0,3.41960298566,6.06640099736,2.10795435561,17.0
17.0919679751,47.8412640266,28.7256647502,7.90504649481,3.0,3.64815942327,6.07584053138,2.05103615702,17.0
11.9599649079,22.7417168768,112.947724482,7.29893633353,0.0,14.3443610092,2.88819804336,1.43519578895,18.0
11.4994519076,22.5132790223,112.677128659,7.27166752184,1.0,14.3099953396,2.85918643583,1.37993422892,18.0
12.1201476212,23.1913971355,113.903897054,7.28971472478,2.0,14.4657949258,2.94530743621,1.45441771455,18.0
11.2800385916,22.7050108212,114.264736994,7.31494424981,3.0,14.5116215982,2.88353637429,1.353604631,18.0
14.4688182425,17.4607042958,83.9246350195,7.51935318563,0.0,10.6584286475,2.21750944557,1.7362581891,19.0
14.2331362974,17.5132647837,83.9525490266,7.55257961405,1.0,10.6619737264,2.22418462753,1.70797635569,19.0
14.1542533306,17.6604756448,84.812647421,7.47746692437,2.0,10.7712062225,2.24288040689,1.69851039967,19.0
14.3316628675,17.6552744187,85.5581993017,7.45339539073,3.0,10.8658913113,2.24221985118,1.71979954409,19.0
21.8399899694,68.831926371,33.9538795838,7.6805207022,0.0,4.31214270715,8.74165464911,2.62079879632,20.0
21.4172131712,68.9866890354,33.9047512329,7.63930801376,1.0,4.30590340658,8.7613095075,2.57006558054,20.0
21.0853107899,69.8137975618,34.5001704934,7.67449280197,2.0,4.38152165266,8.86635229035,2.53023729478,20.0
21.2895984107,70.973668387,34.7945876504,7.64209103362,3.0,4.4189126316,9.01365588515,2.55475180928,20.0
6.09955321255,117.905667385,33.5824912732,7.51671986088,0.0,4.2649763917,14.9740197579,0.731946385506,21.0
5.39753217355,118.436532068,33.2627592556,7.57833290922,1.0,4.22437042546,15.0414395726,0.647703860826,21.0
5.27787478169,118.849388611,34.0219738086,7.52967040533,2.0,4.3207906737,15.0938723535,0.633344973802,21.0
5.78996942022,118.472350714,34.1999345653,7.58553974789,3.0,4.34339168979,15.0459885406,0.694796330426,21.0
8.81888219761,56.5864813346,2.18848397768,9.2825042498,0.0,0.277937465166,7.18648312949,1.05826586371,22.0
8.65177915578,56.9653414208,2.36560180171,9.32275796087,1.0,0.300431428817,7.23459836044,1.03821349869,22.0
8.41546110742,57.2066580318,3.62654923613,9.23806234574,2.0,0.460571752989,7.26524557004,1.00985533289,22.0
8.53514588813,57.1875683399,4.89504222054,9.42191914574,3.0,0.621670362008,7.26282117917,1.02421750658,22.0
12.0788696835,4.85074240824,94.4340703829,7.83267114655,0.0,11.9931269386,0.616044285847,1.44946436202,23.0
11.8598498069,5.2592568145,93.7362149517,7.8025453444,1.0,11.9044992989,0.667925615442,1.42318197683,23.0
10.9914721317,4.80112475124,95.1925411774,7.74317657159,2.0,12.0894527295,0.609742843407,1.3189766558,23.0
10.2043238928,3.50952393684,96.7009373535,7.68823050767,3.0,12.2810190439,0.445709539979,1.22451886713,23.0
7.74351710843,22.8697340357,96.2628071085,7.25064512877,0.0,12.2253765028,2.90445622254,0.929222053011,24.0
7.02455801442,22.8218583586,96.2207204366,7.19750076443,1.0,12.2200314954,2.89837601155,0.842946961731,24.0
7.66197730885,22.9540533292,97.2336355397,7.20313446663,2.0,12.3486717135,2.91516477281,0.919437277062,24.0
7.54914580165,22.8501600635,97.8591980411,7.28314937701,3.0,12.4281181512,2.90197032807,0.905897496198,24.0
19.5429099509,43.117537002,108.117972012,7.26481304939,0.0,13.7309824455,5.47592719925,2.3451491941,25.0
18.9090954446,43.160675687,107.891146312,7.29195429996,1.0,13.7021755817,5.48140581224,2.26909145335,25.0
19.5431880202,43.346451353,108.867588944,7.23558461882,2.0,13.8261837958,5.50499932183,2.34518256243,25.0
19.5883013632,43.4000515219,110.2442678,7.1996581205,3.0,14.0010220106,5.51180654328,2.35059616358,25.0
1.34712543482,101.859572392,26.2627757483,7.93671947257,0.0,3.33537252004,12.9361656938,0.161655052178,26.0
1.71710996083,102.078649372,25.9281719851,7.887949808,1.0,3.29287784211,12.9639884702,0.206053195299,26.0
1.50674141107,102.523001754,27.212322372,7.86083010531,2.0,3.45596494124,13.0204212228,0.180808969328,26.0
1.47202334914,102.465115342,28.3970915272,7.88872792315,3.0,3.60643062395,13.0130696485,0.176642801897,26.0
11.7647412286,4.4729456179,13.0775131117,10.0752959545,0.0,1.66084416518,0.568064093473,1.41176894743,27.0
11.3021455355,4.78249391238,12.5297320086,10.1607425898,1.0,1.59127596509,0.607376726872,1.35625746426,27.0
11.2967188509,5.22888268463,13.5481005078,9.79409799991,2.0,1.72060876449,0.664068100948,1.35560626211,27.0
10.210244032,4.58719437957,14.9320670697,9.77470989291,3.0,1.89637251785,0.582573686206,1.22522928384,27.0
42.7444943542,10.4528093329,69.6657054077,7.87942727727,0.0,8.84754458677,1.32750678528,5.1293393225,28.0
40.3334338494,11.0634519422,70.7687698135,7.94856053112,1.0,8.98763376631,1.40505839666,4.84001206193,28.0
39.7798595952,12.0822922285,71.0405160237,8.01934235661,2.0,9.02214553501,1.53445111302,4.77358315142,28.0
37.8384095344,9.8685409137,73.0876575773,8.31453002066,3.0,9.28213251231,1.25330469604,4.54060914412,28.0
9.61720297479,112.044169267,104.88133743,7.60126172076,0.0,13.3199298536,14.229609497,1.15406435698,29.0
9.64466641185,112.225066464,104.868526994,7.61025007859,1.0,13.3183029282,14.2525834409,1.15735996942,29.0
9.90020035494,112.562413287,105.820317172,7.62579362567,2.0,13.4391802808,14.2954264875,1.18802404259,29.0
10.1154791324,112.800272063,107.093102359,7.60500987876,3.0,13.6008239996,14.325634552,1.21385749589,29.0
10.677854467,114.18270847,58.3185986752,7.88971286071,0.0,7.40646203175,14.5012039758,1.28134253604,30.0
10.1700235411,114.137090204,58.0139786903,7.88213722075,1.0,7.36777529366,14.4954104559,1.22040282494,30.0
10.8531310069,114.52227409,58.3256465181,7.85853555295,2.0,7.4073571078,14.5443288094,1.30237572083,30.0
11.4055024754,115.951076304,58.7685463626,7.91375616697,3.0,7.46360538805,14.7257866907,1.36866029704,30.0
4.47890838365,55.9187632332,48.6386352656,7.28237297772,0.0,6.17710667873,7.10168293061,0.537469006038,31.0
4.61831461439,56.4198543019,48.2538123888,7.27839904244,1.0,6.12823417338,7.16532149634,0.554197753727,31.0
4.89575465592,56.4324834971,48.8511047827,7.33989339027,2.0,6.20409030741,7.16692540413,0.587490558711,31.0
5.32750557052,56.4822193063,50.2068502699,7.33842643881,3.0,6.37626998427,7.17324185191,0.639300668462,31.0
15.0579155076,92.4326843158,18.86541379,7.73675109822,0.0,2.39590755133,11.7389509081,1.80694986092,32.0
15.2774475324,92.6381464488,18.6939933582,7.72860124589,1.0,2.37413715649,11.765044599,1.83329370388,32.0
15.108703813,93.1770730199,19.9634430422,7.71730970117,2.0,2.53535726636,11.8334882735,1.81304445756,32.0
15.1745282295,93.150373366,21.1504670347,7.73498485913,3.0,2.68610931341,11.8300974175,1.82094338754,32.0
17.3389034213,53.8263437994,111.11466602,7.23095936519,0.0,14.1115625846,6.83594566252,2.08066841056,33.0
16.7622210494,53.8476303658,110.843738702,7.21141337244,1.0,14.0771548151,6.83864905645,2.01146652592,33.0
16.9394856407,53.9616508893,111.77208259,7.2600849918,2.0,14.1950544889,6.85312966294,2.03273827688,33.0
17.3836396999,54.0927634772,113.014654992,7.20513991437,3.0,14.3528611839,6.8697809616,2.08603676399,33.0
11.1699204268,84.2051774852,99.75821612,7.97882803072,0.0,12.6692934472,10.6940575406,1.34039045122,34.0
10.2972535458,84.6956331149,99.7904913439,7.96261732212,1.0,12.6733924007,10.7563454056,1.2356704255,34.0
10.3765121238,84.9261445336,100.845543704,7.95370685487,2.0,12.8073840503,10.7856203558,1.24518145485,34.0
10.7329952494,84.8761450648,101.92096668,7.98555361609,3.0,12.9439627684,10.7792704232,1.28795942992,34.0
25.6592725302,107.131269688,63.9160708736,7.72872940495,0.0,8.11734100095,13.6056712504,3.07911270363,35.0
25.9938848923,107.375222319,63.7546717254,7.75085618292,1.0,8.09684330913,13.6366532345,3.11926618707,35.0
25.7725128061,107.701687158,64.8235904781,7.72254417798,2.0,8.23259599073,13.6781142691,3.09270153674,35.0
25.6625179119,108.465526679,66.5576271628,7.70361516905,3.0,8.45281864967,13.7751218882,3.07950214943,35.0
21.2406017734,42.7533005088,122.926995107,7.46375620422,0.0,15.6117283785,5.42966916462,2.5488722128,36.0
20.7877644032,42.7831822257,122.646353922,7.41825558226,1.0,15.5760869481,5.43346414266,2.49453172838,36.0
20.8519857848,42.9944582056,123.652811254,7.43169961287,2.0,15.7039070293,5.46029619211,2.50223829418,36.0
21.1749773809,42.9746661153,125.037281271,7.4050717367,3.0,15.8797347214,5.45778259664,2.5409972857,36.0
25.0621542762,36.6674288892,86.1673550133,7.34148263676,0.0,10.9432540867,4.65676346892,3.00745851315,37.0
24.5537339769,36.9183690322,86.1184123515,7.32368928593,1.0,10.9370383686,4.68863286709,2.94644807723,37.0
24.7518040008,37.0183757537,86.8735328904,7.35278000758,2.0,11.0329386771,4.70133372072,2.97021648009,37.0
25.0951595213,36.8460146183,88.0850904353,7.37721667596,3.0,11.1868064853,4.67944385653,3.01141914256,37.0
32.2955880235,16.4399443289,91.0736698332,7.56813041975,0.0,11.5663560688,2.08787292978,3.87547056282,38.0
32.7775844634,16.7734264249,91.2710269434,7.53393188594,1.0,11.5914204218,2.13022515596,3.93331013561,38.0
32.3015086578,16.6882796464,91.8760186323,7.59316551561,2.0,11.6682543663,2.11941151509,3.87618103894,38.0
32.469267045,16.0499134684,93.2440297837,7.57122363981,3.0,11.8419917825,2.03833901049,3.8963120454,38.0
32.6360188523,60.1982143586,108.499778767,7.4674380422,0.0,13.7794719034,7.64517322355,3.91632226228,39.0
32.3591260166,60.4706202282,108.263032384,7.52207974237,1.0,13.7494051128,7.67976876898,3.88309512199,39.0
32.7161881348,60.5423071438,109.246400833,7.51905565543,2.0,13.8742929058,7.68887300726,3.92594257617,39.0
32.9707148838,60.5555513337,110.35889482,7.49309328043,3.0,14.0155796422,7.69055501938,3.95648578606,39.0
27.2498313817,66.037612015,66.0546654048,7.42145318832,0.0,8.38894250641,8.3867767259,3.26997976581,40.0
27.1559807663,66.2268234676,66.3624726823,7.33982933551,1.0,8.42803403065,8.41080658038,3.25871769196,40.0
27.221890214,66.0570144169,67.0075553078,7.38917916672,2.0,8.50995952409,8.38924083095,3.26662682568,40.0
26.0465664705,66.4443316533,68.2544950535,7.28745006311,3.0,8.6683208718,8.43843011997,3.12558797646,40.0
42.3865329572,41.2358155972,51.1345499914,7.77372463081,0.0,6.49408784891,5.23694858085,5.08638395486,41.0
42.5242337473,40.3842153571,51.2647445185,7.76382410112,1.0,6.51062255385,5.12879535036,5.10290804968,41.0
42.5542412163,40.3934353393,52.1288520509,7.76382004255,2.0,6.62036421047,5.12996628809,5.10650894596,41.0
42.9192849888,40.7130470539,53.2439362223,7.60233162168,3.0,6.76197990023,5.17055697584,5.15031419866,41.0
3.24984030462,91.1078408837,39.9273953357,7.41118917135,0.0,5.07077920763,11.5706957922,0.389980836554,42.0
2.90922141069,90.6639673183,39.5958536738,7.43502020654,1.0,5.02867341657,11.5143238494,0.349106569283,42.0
2.47926832046,90.9752023384,40.7728428842,7.38036681515,2.0,5.1781510463,11.553850697,0.297512198455,42.0
1.64127711502,92.1153488322,42.1311510576,7.43713769959,3.0,5.35065618431,11.6986493017,0.196953253802,42.0
19.5295602871,100.525014985,100.726773767,7.39963992281,0.0,12.7923002684,12.7666769031,2.34354723445,43.0
19.4520546131,100.556865901,100.431239025,7.40729157483,1.0,12.7547673562,12.7707219694,2.33424655358,43.0
19.6472761381,100.755057274,101.431190537,7.3987685247,2.0,12.8817611981,12.7958922739,2.35767313658,43.0
19.4731861794,100.934172691,103.043898116,7.37661752038,3.0,13.0865750608,12.8186399318,2.33678234153,43.0
5.39730727174,88.2003504994,83.4270061836,7.64029105587,0.0,10.5952297853,11.2014445134,0.647676872608,44.0
5.411878817,88.3454987608,82.881451331,7.61385015524,1.0,10.525944319,11.2198783426,0.64942545804,44.0
5.14302534871,88.6417276142,84.0083025991,7.643612619,2.0,10.6690544301,11.257499407,0.617163041845,44.0
5.05058482036,89.0602850506,85.0562187415,7.62106803298,3.0,10.8021397802,11.3106562014,0.606070178443,44.0
22.2780289347,38.9139321991,71.369658033,7.51927244361,0.0,9.06394657019,4.94206938928,2.67336347216,45.0
21.9655773819,39.0937782314,71.3435119727,7.42540776897,1.0,9.06062602053,4.96490983538,2.63586928583,45.0
21.9620921382,39.1838079829,72.0089939281,7.45250992009,2.0,9.14514222887,4.97634361382,2.63545105658,45.0
22.4695692963,39.4502686138,73.4021792223,7.45064902421,3.0,9.32207676123,5.01018411395,2.69634831556,45.0
19.8336509401,109.695806364,79.9411970873,8.15489323264,0.0,10.1525320301,13.9313674082,2.38003811281,46.0
19.9545819637,109.869080178,79.8063521131,8.14699916259,1.0,10.1354067184,13.9533731826,2.39454983565,46.0
20.1123920565,110.075852138,80.7493726296,8.11386132168,2.0,10.255170324,13.9796332215,2.41348704678,46.0
19.9414901226,110.550546024,82.6006264957,8.14112627254,3.0,10.490279565,14.039919345,2.39297881471,46.0
35.4678382511,6.17088381063,112.019959165,8.09417462657,0.0,14.226534814,0.783702243949,4.25614059013,47.0
35.4096037034,6.33165501384,111.660751266,8.08349348122,1.0,14.1809154107,0.804120186758,4.2491524444,47.0
35.3576013744,6.59502462577,112.972648861,8.12629167291,2.0,14.3475264053,0.837568127473,4.24291216493,47.0
35.7884473089,6.54590346555,114.08995323,8.20886057815,3.0,14.4894240602,0.831329740124,4.29461367707,47.0
24.9677815458,109.850958904,94.6801720569,7.71549903442,0.0,12.0243818512,13.9510717808,2.99613378549,48.0
24.9774425553,109.983670748,94.5834498888,7.69326503766,1.0,12.0120981359,13.9679261849,2.99729310663,48.0
25.1333260624,110.109305354,95.4995491399,7.67058759044,2.0,12.1284427408,13.9838817799,3.01599912749,48.0
25.0512424505,110.367513434,97.5386404713,7.58498647543,3.0,12.3874073399,14.0166742061,3.00614909406,48.0
22.3884074496,17.0211779183,103.203665102,7.23417830511,0.0,13.1068654679,2.16168959562,2.68660889395,49.0
22.7065037623,17.1556314852,103.31495344,7.27885579458,1.0,13.1209990869,2.17876519862,2.72478045148,49.0
22.6155120271,17.3910012622,104.260338871,7.1858863232,2.0,13.2410630366,2.20865716029,2.71386144325,49.0
22.301863332,16.8091355926,105.157638361,7.18960153743,3.0,13.3550200718,2.13476022026,2.67622359983,49.0
16.0981941477,66.875347926,104.144638836,7.70669055993,0.0,13.2263691321,8.4931691866,1.93178329773,50.0
15.6905953233,66.8545202395,103.738998724,7.70759361898,1.0,13.1748528379,8.49052407041,1.88287143879,50.0
15.6061714177,67.1053512465,104.733234653,7.71587260509,2.0,13.3011208009,8.52237960831,1.87274057013,50.0
16.0119648735,67.1784441548,105.935486774,7.68531164113,3.0,13.4538068203,8.53166240766,1.92143578482,50.0
25.4400228039,100.775870522,49.3032932029,7.66205382773,0.0,6.26151823676,12.7985355563,3.05280273647,51.0
25.9177952309,101.086802864,49.0151662941,7.6298536186,1.0,6.22492611935,12.8380239638,3.1101354277,51.0
25.414333445,101.4058285,49.9663057207,7.65126767537,2.0,6.34572082653,12.8785402194,3.0497200134,51.0
25.4820101265,102.363662699,51.6296793845,7.66393798884,3.0,6.55696928183,13.0001851628,3.05784121518,51.0
49.1746992403,102.780912104,108.906355623,5.49922831178,0.0,13.8311071641,13.0531758372,5.90096390883,52.0
49.1750410346,102.376592607,108.598161198,5.56696280113,1.0,13.7919664722,13.0018272611,5.90100492415,52.0
49.2976935683,102.510428913,109.41022239,5.44620252983,2.0,13.8950982435,13.0188244719,5.9157232282,52.0
49.1871527301,103.008733103,110.935846078,5.21789330392,3.0,14.0888524519,13.082109104,5.90245832761,52.0
24.0296719265,22.1424810487,72.094779334,7.35266127888,0.0,9.15603697542,2.81209509318,2.88356063118,53.0
23.9794913264,22.2225874078,72.3082969946,7.26404254035,1.0,9.18315371831,2.8222686008,2.87753895917,53.0
23.5124945824,22.3139321502,72.9456131352,7.33951237532,2.0,9.26409286817,2.83386938307,2.82149934989,53.0
23.7947198576,22.5271058578,73.9088128323,7.28424700976,3.0,9.3864192297,2.86094244394,2.85536638292,53.0
30.614380936,46.1441570207,55.8318349398,7.14512012014,0.0,7.09064303735,5.86030794163,3.67372571232,54.0
30.7335929249,45.9457073491,55.7449903326,7.15986427103,1.0,7.07961377224,5.83510483334,3.68803115099,54.0
30.9666251128,45.9975731307,56.4397383017,7.12878737055,2.0,7.16784676432,5.84169178759,3.71599501354,54.0
31.3957884157,46.3057163154,57.6044095726,7.15931215189,3.0,7.31576001572,5.88082597205,3.76749460989,54.0
17.83834583,54.7605778671,71.5109138035,7.56939294993,0.0,9.08188605305,6.95459338912,2.1406014996,55.0
17.6326399322,54.9748297862,72.0136732921,7.53348241553,1.0,9.1457365081,6.98180338284,2.11591679187,55.0
18.3757801609,54.4454621008,72.6363082971,7.59341138895,2.0,9.22481115373,6.9145736868,2.2050936193,55.0
17.3551390613,54.6279820448,73.5372670338,7.56700806432,3.0,9.33923291329,6.93775371968,2.08261668736,55.0
23.0463809829,82.0333797929,77.1263650149,7.62595094959,0.0,9.79504835689,10.4182392337,2.76556571795,56.0
22.7519053845,82.1212286905,76.7654581666,7.60104322226,1.0,9.74921318715,10.4293960437,2.73022864614,56.0
22.7230824281,81.8009705594,77.9182064776,7.6151205407,2.0,9.89561222265,10.388723261,2.72676989137,56.0
21.7519609842,82.1122407772,79.2176869525,7.63405638715,3.0,10.060646243,10.4282545787,2.61023531811,56.0
11.7043060442,83.0748652058,27.2142783039,7.80056309384,0.0,3.4562133446,10.5505078811,1.4045167253,57.0
11.920470462,83.2922686456,27.0687962203,7.82859982559,1.0,3.43773711998,10.578118118,1.43045645544,57.0
11.9561475551,83.9361349777,28.408393842,7.80951591228,2.0,3.60786601793,10.6598891422,1.43473770661,57.0
11.9744018662,83.8062134813,29.5219104577,7.828677329,3.0,3.74928262812,10.6433891121,1.43692822394,57.0
41.043976826,114.130809552,113.278401024,9.21518013178,0.0,14.3863569301,14.4946128131,4.92527721912,58.0
40.959472319,114.11754511,112.962292197,9.24094848742,1.0,14.346211109,14.4929282289,4.91513667827,58.0
41.1274960807,114.227885067,113.866877424,9.19045918803,2.0,14.4610934328,14.5069414036,4.93529952968,58.0
41.4391251906,114.670777209,115.10583792,9.14579771489,3.0,14.6184414158,14.5631887055,4.97269502287,58.0
13.9451112101,17.2122922166,31.7742892061,7.25080936262,0.0,4.03533472917,2.18596111151,1.67341334521,59.0
13.7449155938,17.6032293959,31.6305603172,7.26382053233,1.0,4.01708116028,2.23561013328,1.64938987126,59.0
13.5371271205,17.6567978184,32.0544536369,7.30212607053,2.0,4.07091561189,2.24241332294,1.62445525446,59.0
14.012275521,17.5732504379,33.4405768524,7.31105349488,3.0,4.24695326025,2.23180280561,1.68147306252,59.0
18.3784637628,120.301351353,43.0344442914,7.47684282655,0.0,5.465374425,15.2782716218,2.20541565153,60.0
17.8127677082,120.495973987,42.9340601938,7.49034898703,1.0,5.45262564461,15.3029886963,2.13753212498,60.0
17.8589935138,121.104309184,43.1792605301,7.53714318116,2.0,5.48376608732,15.3802472664,2.14307922165,60.0
18.441611604,121.557752001,42.969339206,7.50840270283,3.0,5.45710607917,15.4378345041,2.21299339247,60.0
39.2611778585,100.353266996,42.8410004213,7.72621389715,0.0,5.44080705351,12.7448649086,4.71134134302,61.0
39.7449738142,100.730063901,43.0365868628,7.6257009695,1.0,5.46564653158,12.7927181155,4.76939685771,61.0
39.1654296825,101.01373756,43.7459881064,7.64857758488,2.0,5.55574048952,12.8287446701,4.6998515619,61.0
39.4929901425,102.06297593,45.45867348,7.65550970897,3.0,5.77325153196,12.9619979431,4.7391588171,61.0
26.3619343598,109.404176662,34.5566233532,7.47868788567,0.0,4.38869116586,13.8943304361,3.16343212317,62.0
25.7948949543,109.83812008,34.0982837581,7.4120455979,1.0,4.33048203727,13.9494412501,3.09538739452,62.0
25.6342034337,110.5644778,34.2239466243,7.40337080186,2.0,4.34644122128,14.0416886807,3.07610441205,62.0
26.3642745475,110.364436088,34.9634415833,7.46189400537,3.0,4.44035708108,14.0162833832,3.1637129457,62.0
25.157145635,123.560552799,76.5133083369,7.89210140268,0.0,9.71719015878,15.6921902055,3.0188574762,63.0
25.4084242035,123.799537479,76.4869442468,7.91802371404,1.0,9.71384191935,15.7225412599,3.04901090441,63.0
25.5800025566,123.98592254,77.4445275963,7.91973365852,2.0,9.83545500473,15.7462121625,3.06960030679,63.0
25.3724236613,124.782205835,79.3830834322,8.01536924225,3.0,10.0816515959,15.847340141,3.04469083936,63.0
30.5465845017,88.9756270043,101.843160108,7.73840798039,0.0,12.9340813338,11.2999046295,3.6655901402,64.0
30.3831938332,89.033640223,101.613397557,7.7403296157,1.0,12.9049014898,11.3072723083,3.64598325999,64.0
30.4213758791,89.1194716944,102.447412143,7.71209112204,2.0,13.0108213422,11.3181729052,3.65056510549,64.0
30.6131908204,89.5057512892,103.841615865,7.77720953944,3.0,13.1878852149,11.3672304137,3.67358289844,64.0
13.1424270138,98.3125663672,68.5166231166,7.57215491719,0.0,8.70161113581,12.4856959286,1.57709124165,65.0
13.1521743532,98.7623128989,67.9713641433,7.57948914409,1.0,8.63236324619,12.5428137382,1.57826092238,65.0
13.2495801216,98.9056990795,69.0993317759,7.58711542303,2.0,8.77561513554,12.5610237831,1.58994961459,65.0
12.9315108838,98.8820296971,70.5808679001,7.52111961823,3.0,8.96377022332,12.5580177715,1.55178130606,65.0
22.7647833476,77.2450878518,91.6800584179,7.52853838371,0.0,11.6433674191,9.81012615718,2.73177400171,66.0
22.6666813493,77.7711979562,91.6985177325,7.52329668959,1.0,11.645711752,9.87694214044,2.72000176191,66.0
22.4561883698,77.274239,92.3729429509,7.51464082433,2.0,11.7313637548,9.813828353,2.69474260438,66.0
22.1015039386,77.2861190783,94.0970597302,7.50000056166,3.0,11.9503265857,9.81533712295,2.65218047263,66.0
18.0783911017,47.3749290705,11.3898044986,7.68912683187,0.0,1.44650517133,6.01661599195,2.1694069322,67.0
17.9081226404,47.5424975736,11.3862889935,7.66684487592,1.0,1.44605870217,6.03789719184,2.14897471685,67.0
17.6274486505,47.500979513,12.2007763584,7.70908181463,2.0,1.54949859751,6.03262439815,2.11529383806,67.0
17.5433704148,47.5008764974,14.0822223878,7.7163737852,3.0,1.78844224325,6.03261131517,2.10520444977,67.0
37.0647952239,85.9102695166,71.3526062355,7.41961485957,0.0,9.06178099191,10.9106042286,4.44777542687,68.0
36.8563218635,86.0564533409,71.0313257516,7.49305203885,1.0,9.02097837046,10.9291695743,4.42275862361,68.0
36.5813544232,86.0654189389,71.97393495,7.44268643885,2.0,9.14068973865,10.9303082052,4.38976253078,68.0
35.8729008094,86.4739248733,73.1518470284,7.51540205396,3.0,9.29028457261,10.9821884589,4.30474809713,68.0
33.9605925079,67.3182849113,96.0713056623,7.84347963138,0.0,12.2010558191,8.54942218373,4.07527110095,69.0
33.881715674,67.7332734843,95.8842509503,7.79226545567,1.0,12.1772998707,8.60212573251,4.06580588088,69.0
33.9209359191,67.6642592829,96.8777730373,7.77764722365,2.0,12.3034771757,8.59336092893,4.07051231029,69.0
33.7273285877,67.6119464628,98.0240575348,7.83297778291,3.0,12.4490553069,8.58671720077,4.04727943052,69.0
6.02372624022,119.657062317,119.688370182,7.74948966534,0.0,15.2004230131,15.1964469142,0.722847148826,70.0
6.05456745103,119.90890386,119.593652742,7.82376487376,1.0,15.1883938982,15.2284307903,0.726548094123,70.0
6.39512746929,120.34759067,120.361677875,7.79798791532,2.0,15.2859330901,15.2841440151,0.767415296315,70.0
6.63527348429,120.655922905,121.643724305,7.82958220686,3.0,15.4487529867,15.3233022089,0.796232818115,70.0
11.4780675366,71.5539494415,12.57267384,7.83174327704,0.0,1.59672957768,9.08735157907,1.37736810439,71.0
11.4084357538,71.9523302705,12.7266155272,7.83019503259,1.0,1.61628017195,9.13794594435,1.36901229045,71.0
11.5335150342,72.2063610617,13.816585216,7.8319168754,2.0,1.75470632243,9.17020785483,1.3840218041,71.0
11.6801994062,72.3793917488,14.9247683135,7.92047076767,3.0,1.89544557581,9.1921827521,1.40162392874,71.0
30.5133951656,94.1072167433,14.3153915177,7.65994210854,0.0,1.81805472275,11.9516165264,3.66160741988,72.0
30.756673127,94.3171615289,14.0954877809,7.69186979772,1.0,1.79012694818,11.9782795142,3.69080077524,72.0
30.5631661464,94.8346148543,15.2609349172,7.67000098764,2.0,1.93813873448,12.0439960865,3.66757993757,72.0
30.6670336183,95.068302123,16.7021307008,7.66548447043,3.0,2.121170599,12.0736743696,3.6800440342,72.0
44.4131017322,63.1803593529,49.4180742643,7.42922319753,0.0,6.27609543157,8.02390563782,5.32957220786,73.0
44.4742663272,63.4825082151,49.1386002166,7.36582928407,1.0,6.24060222751,8.06227854332,5.33691195926,73.0
44.2678268195,63.8003211089,49.3673853746,7.37296747821,2.0,6.26965794258,8.10264078083,5.31213921834,73.0
44.5193857242,63.853632985,50.2031109815,7.3574959271,3.0,6.37579509465,8.10941138909,5.3423262869,73.0
19.688353417,2.56215715531,28.5636425754,7.84999141572,0.0,3.62758260708,0.325393958724,2.36260241004,74.0
19.6534656024,2.99505105564,28.4561888641,7.71317191253,1.0,3.61393598574,0.380371484066,2.35841587229,74.0
19.0045223581,2.70994026034,28.5676293817,7.96337808179,2.0,3.62808893147,0.344162413063,2.28054268297,74.0
19.9417075683,3.1704556531,30.3771208966,7.65904500734,3.0,3.85789435387,0.402647867944,2.3930049082,74.0
35.1321951118,14.2241593935,22.2931083258,7.57727096238,0.0,2.83122475738,1.80646824298,4.21586341342,75.0
34.4230296939,15.1299650922,21.2149715393,7.69192928038,1.0,2.69430138549,1.92150556672,4.13076356327,75.0
34.6670712685,15.3606327499,21.8766224372,7.62990387106,2.0,2.77833104952,1.95080035924,4.16004855222,75.0
34.607329245,15.6292006767,23.1556591835,7.8228068697,3.0,2.9407687163,1.98490848594,4.1528795094,75.0
40.810531275,39.0864841838,118.506892147,7.34722195165,0.0,15.0503753027,4.96398349135,4.897263753,76.0
39.6858307113,39.1183872552,117.861509328,7.45229045228,1.0,14.9684116847,4.96803518141,4.76229968536,76.0
40.817109079,39.4938859868,118.852330125,7.2450827011,2.0,15.0942459259,5.01572352032,4.89805308948,76.0
40.8900293641,39.5926059809,120.16065652,7.21837372555,3.0,15.260403378,5.02826095958,4.90680352369,76.0
34.6184281681,50.2724068875,22.2386860063,7.60496011436,0.0,2.82431312279,6.38459567472,4.15421138017,77.0
35.4492490783,50.9202949641,22.0332486144,7.60992366013,1.0,2.79822257403,6.46687746044,4.2539098894,77.0
34.7354100632,50.666728352,22.8903168216,7.74123449188,2.0,2.90707023634,6.43467450071,4.16824920759,77.0
34.0591742383,51.0444257387,25.1866397865,7.69975849387,3.0,3.19870325289,6.48264206882,4.08710090859,77.0
11.4172970034,112.300558182,18.8141649362,7.9266972071,0.0,2.3893989469,14.2621708891,1.3700756404,78.0
11.5131108572,112.41760121,18.3872576212,7.90689515646,1.0,2.33518171789,14.2770353537,1.38157330287,78.0
11.4770977737,112.925849382,19.6974236009,7.86331385457,2.0,2.50157279731,14.3415828716,1.37725173284,78.0
11.5450320463,112.819800615,20.8198834086,7.87276483522,3.0,2.64412519289,14.3281146782,1.38540384556,78.0
25.7215564589,103.6420228,114.107518215,7.39490100265,0.0,14.4916548133,13.1625368956,3.08658677506,79.0
25.5816987145,103.645167447,113.928503118,7.41070683196,1.0,14.468919896,13.1629362658,3.06980384574,79.0
26.4507748775,103.599192505,114.947470486,7.40878357636,2.0,14.5983287518,13.1570974481,3.1740929853,79.0
26.7196619511,103.758121631,116.202856472,7.44718930199,3.0,14.7577627719,13.1772814472,3.20635943413,79.0
45.5300849613,57.6673131174,92.1793686684,7.64409842797,0.0,11.7067798209,7.32374876591,5.46361019536,80.0
45.6433360785,57.8442460619,91.9616206723,7.58236367317,1.0,11.6791258254,7.34621924986,5.47720032942,80.0
45.8065861576,57.9161222881,92.5700455202,7.53840744224,2.0,11.7563957811,7.35534753059,5.49679033891,80.0
45.4859621248,57.7111909108,93.2656357437,7.59445439069,3.0,11.8447357395,7.32932124567,5.45831545497,80.0
37.3927388431,1.08502768951,95.8811478184,7.26137334433,0.0,12.1769057729,0.137798516568,4.48712866117,81.0
37.1284841872,0.579425341175,95.3719691747,7.24973073278,1.0,12.1122400852,0.0735870183292,4.45541810247,81.0
36.785819665,1.07738456555,96.2965056771,7.29574132742,2.0,12.229656221,0.136827839825,4.4142983598,81.0
36.9245931827,1.48873094893,97.4735221332,7.28599850963,3.0,12.3791373109,0.189068830514,4.43095118193,81.0
31.1593922076,74.8733861483,45.274302501,7.38369519137,0.0,5.74983641763,9.50892004084,3.73912706492,82.0
31.1306844887,75.802147679,44.3978820775,7.37885856045,1.0,5.63853102385,9.62687275523,3.73568213865,82.0
31.0755406397,75.984237645,45.3161013907,7.41364888732,2.0,5.75514487662,9.64999818092,3.72906487677,82.0
30.7406712176,76.4984216942,46.3849876942,7.40964487787,3.0,5.89089343717,9.71529955517,3.68888054611,82.0
8.97613599452,88.3273229071,66.4236537831,7.34294399176,0.0,8.43580403045,11.2175700092,1.07713631934,83.0
9.42221858715,88.5124042758,65.9892364432,7.37319388392,1.0,8.38063302829,11.241075343,1.13066623046,83.0
9.42886437227,88.7189551432,67.1143628446,7.36918292917,2.0,8.52352408126,11.2673073032,1.13146372467,83.0
8.97548332592,88.9041765943,68.2700194446,7.28154652094,3.0,8.67029246946,11.2908304275,1.07705799911,83.0
25.1221247302,31.4448273919,100.200155017,7.13952261142,0.0,12.7254196872,3.99349307877,3.01465496762,84.0
24.516173464,31.6023833626,100.214313119,7.1007561939,1.0,12.7272177661,4.01350268706,2.94194081568,84.0
24.7035287925,31.783765051,100.866014299,7.09213973657,2.0,12.809983816,4.03653816148,2.96442345511,84.0
24.8948047751,31.2333666721,102.058072283,7.06422379242,3.0,12.9613751799,3.96663756736,2.98737657301,84.0
21.3536766326,80.4024278076,4.56799433619,7.36426960371,0.0,0.580135280696,10.2111083316,2.56244119592,85.0
21.4494113707,80.7189145398,4.60139047299,7.3544460204,1.0,0.58437659007,10.2513021466,2.57392936448,85.0
21.3925690766,80.9638758671,5.87874537764,7.28962445392,2.0,0.746600662961,10.2824122351,2.56710828919,85.0
21.5897781593,81.1427483444,7.28522990543,7.20821442293,3.0,0.92522419799,10.3051290397,2.59077337911,85.0
17.9837450957,90.239233492,111.912294224,7.28934956949,0.0,14.2128613664,11.4603826535,2.15804941148,86.0
17.7820580647,90.1663569585,111.843154577,7.31754978307,1.0,14.2040806313,11.4511273337,2.13384696776,86.0
17.9827113348,90.4072679339,112.813703631,7.27866446895,2.0,14.3273403612,11.4817230276,2.15792536018,86.0
18.0910857262,90.3959569118,114.10986798,7.28258802425,3.0,14.4919532334,11.4802865278,2.17093028714,86.0
18.5384131454,33.3024989081,5.89159605362,7.83511265774,0.0,0.74823269881,4.22941736133,2.22460957744,87.0
17.8013272901,33.5823868522,5.54282064408,7.94170344755,1.0,0.703938221798,4.26496313023,2.13615927482,87.0
17.4447465198,33.7825403903,5.93339035502,7.88891754992,2.0,0.753540575087,4.29038262957,2.09336958238,87.0
17.3495294162,33.7705742583,7.77396569035,7.84607959953,3.0,0.987293642675,4.2888629308,2.08194352994,87.0
40.5263936769,46.9363921356,82.0800115146,7.21805524229,0.0,10.4241614624,5.96092180122,4.86316724122,88.0
40.9568818322,47.1304171735,81.8828417732,7.12895471837,1.0,10.3991209052,5.98556298103,4.91482581986,88.0
41.959522842,47.2499642553,82.2185997888,7.00212434886,2.0,10.4417621732,6.00074546042,5.03514274104,88.0
41.5016902308,47.2624433651,82.5468431668,7.01043747413,3.0,10.4834490822,6.00233030737,4.9802028277,88.0
38.0415090661,57.3211414491,122.341428602,7.4935600224,0.0,15.5373614325,7.27978496404,4.56498108794,89.0
37.7245596599,57.3121403453,122.120395791,7.53814879017,1.0,15.5092902654,7.27864182385,4.52694715918,89.0
38.200712118,57.5036260066,123.008301037,7.41815656474,2.0,15.6220542317,7.30296050283,4.58408545416,89.0
38.9480039019,57.8208117308,124.22630682,7.44695015336,3.0,15.7767409662,7.34324308981,4.67376046822,89.0
26.2898762815,77.0832056742,110.243112615,7.41398948972,0.0,14.0008753021,9.78956712062,3.15478515377,90.0
26.4081574414,77.055772359,109.948095127,7.38446915935,1.0,13.9634080812,9.7860830896,3.16897889297,90.0
26.1909899185,77.135410936,110.721505685,7.36862877525,2.0,14.061631222,9.79619718887,3.14291879022,90.0
26.7208038932,77.3073315497,112.074403164,7.40576080626,3.0,14.2334492019,9.81803110682,3.20649646719,90.0
38.6855855073,60.4523742024,75.698291893,7.54495951184,0.0,9.61368307041,7.67745152371,4.64227026087,91.0
38.7296742232,60.7386320974,75.6566812625,7.49604261335,1.0,9.60839852034,7.71380627637,4.64756090678,91.0
39.1689286733,60.7945934021,76.096775906,7.50189252808,2.0,9.66429054006,7.72091336206,4.7002714408,91.0
38.4327624901,60.8935113745,76.8784536501,7.54978182766,3.0,9.76356361356,7.73347594456,4.61193149882,91.0
24.2201904835,106.055685082,8.81622427058,7.6508491583,0.0,1.11966048236,13.4690720054,2.90642285803,92.0
24.4236502203,106.253894961,8.62203493243,7.60806193519,1.0,1.09499843642,13.4942446601,2.93083802643,92.0
24.0928445709,106.635076647,9.6737015207,7.6351943601,2.0,1.22856009313,13.5426547341,2.89114134851,92.0
24.316474561,106.787085143,10.9771580109,7.51099552456,3.0,1.39409906739,13.5619598131,2.91797694732,92.0
41.6667438704,85.9316449252,35.4921340633,6.99654038904,0.0,4.50750102604,10.9133189055,5.00000926445,93.0
41.9788573162,86.7921863758,35.0492848573,6.99029769337,1.0,4.45125917687,11.0226076697,5.03746287795,93.0
42.8774243147,87.7143357043,36.2659614142,7.02330641284,2.0,4.6057770996,11.1397206344,5.14529091776,93.0
42.2054329964,87.5623184799,38.0208526583,6.788095809,3.0,4.8286482876,11.1204144469,5.06465195957,93.0
29.7849262324,120.256799127,11.9327506773,7.42984820607,0.0,1.51545933601,15.2726134892,3.57419114789,94.0
29.8101652316,120.539384934,11.6835141508,7.38017597814,1.0,1.48380629715,15.3085018866,3.57721982779,94.0
29.4637593963,120.973380101,12.7770021776,7.26804596417,2.0,1.62267927656,15.3636192728,3.53565112756,94.0
29.654928281,121.160544485,14.3404297853,7.26842801338,3.0,1.82123458273,15.3873891496,3.55859139372,94.0
4.20281802623,24.6098521248,4.66295965939,7.16711449438,0.0,0.592195876742,3.12545121985,0.504338163147,95.0
4.35343820568,25.0337411933,4.2391031708,7.17673815176,1.0,0.538366102691,3.17928513154,0.522412584681,95.0
4.32628277227,24.9107140729,5.00061719624,7.13310711751,2.0,0.635078383922,3.16366068726,0.519153932672,95.0
3.25594751014,24.81347946,6.84998032807,7.14615256507,3.0,0.869947501664,3.15131189142,0.390713701217,95.0
46.4056028116,102.47399231,14.0157785174,7.16028595228,0.0,1.78000387171,13.0141970233,5.5686723374,96.0
46.5205969276,102.887771564,13.77479904,7.10529279838,1.0,1.74939947808,13.0667469887,5.58247163132,96.0
46.5506831943,103.712088266,14.9078481771,7.09903062817,2.0,1.89329671849,13.1714352098,5.58608198331,96.0
46.2605799198,103.825895467,16.4434206923,7.13397360817,3.0,2.08831442792,13.1858887244,5.55126959038,96.0
47.2603272803,15.1350116641,110.755614208,6.91466159601,0.0,14.0659630044,1.92214648134,5.67123927363,97.0
47.0271872918,16.0888283341,110.364509586,6.95635148842,1.0,14.0162927174,2.04328119843,5.64326247502,97.0
47.1615357497,16.3944682058,111.541464796,6.98906394232,2.0,14.165766029,2.08209746213,5.65938428997,97.0
47.1656081771,15.919142102,112.855771264,6.79388712367,3.0,14.3326829506,2.02173104696,5.65987298125,97.0
44.8350263261,122.058606508,95.5745791622,10.4144670178,0.0,12.1379715536,15.5014430265,5.38020315913,98.0
44.6451403525,121.930474917,95.2253091944,10.2985003649,1.0,12.0936142677,15.4851703144,5.3574168423,98.0
44.9763375955,122.155105971,96.0399867324,10.4479208126,2.0,12.197078315,15.5136984583,5.39716051146,98.0
44.8155382327,122.46216713,97.4374600577,10.1442074482,3.0,12.3745574273,15.5526952256,5.37786458793,98.0
31.4315559141,65.8855557945,13.9123569984,7.62508830254,0.0,1.7668693388,8.3674655859,3.77178670969,99.0
31.2945354078,66.5391073502,13.3427056923,7.54826194536,1.0,1.69452362292,8.45046663347,3.75534424894,99.0
31.0753146,66.2800943101,13.783455133,7.60889449039,2.0,1.75049880189,8.41757197738,3.729037752,99.0
30.8698212967,66.8255439958,16.2182226833,7.69382369508,3.0,2.05971428078,8.48684408746,3.7043785556,99.0
44.6950417194,95.0231096902,98.7980822344,7.39077787227,0.0,12.5473564438,12.0679349307,5.36340500633,100.0
44.3385886682,95.0622578081,98.4117475152,7.28328899613,1.0,12.4982919344,12.0729067416,5.32063064018,100.0
44.4889480304,95.1351524707,99.2105887274,7.24171164803,2.0,12.5997447684,12.0821643638,5.33867376364,100.0
44.4469560328,95.7320479963,100.271959219,7.22329592135,3.0,12.7345388208,12.1579700955,5.33363472394,100.0
38.3455618666,87.3057782346,85.9936940647,7.9211528357,0.0,10.9211991462,11.0878338358,4.60146742399,101.0
38.0071205338,87.3137512344,85.7384033619,7.90480921978,1.0,10.888777227,11.0888464068,4.56085446405,101.0
38.0826824579,87.5242002112,86.5800048794,7.92374975649,2.0,10.9956606197,11.1155734268,4.56992189494,101.0
37.4790838545,87.6745072448,87.7394594723,7.92676640469,3.0,11.142911353,11.1346624201,4.49749006254,101.0
41.0532833727,125.497901935,72.0882455717,7.85409575297,0.0,9.15520718761,15.9382335457,4.92639400472,102.0
41.4011770577,125.758796771,72.367230373,7.89502106236,1.0,9.19063825737,15.9713671899,4.96814124692,102.0
41.6496308769,125.737081123,73.143222522,7.75287932443,2.0,9.2891892603,15.9686093026,4.99795570523,102.0
41.4490736858,126.689012892,74.9703422781,7.81729319519,3.0,9.52123346931,16.0895046373,4.9738888423,102.0
28.5895971232,116.362118192,124.996444844,7.57040051569,0.0,15.8745484952,14.7779890103,3.43075165479,103.0
28.6550056074,116.407414255,124.79029927,7.56157263285,1.0,15.8483680073,14.7837416104,3.43860067288,103.0
28.801838161,116.56319714,125.528550021,7.50237105162,2.0,15.9421258527,14.8035260368,3.45622057932,103.0
29.2807010173,116.80079867,126.729911387,7.46343861748,3.0,16.0946987461,14.833701431,3.51368412208,103.0
43.1181960711,79.3871509159,98.2301456394,7.30094438167,0.0,12.4752284962,10.0821681663,5.17418352853,104.0
43.2088629748,79.6614490949,97.9948547045,7.35198230732,1.0,12.4453465475,10.1170040351,5.18506355697,104.0
43.025590494,79.7615808061,99.0020046772,7.2847357842,2.0,12.573254594,10.1297207624,5.16307085928,104.0
42.902124847,79.8171300343,99.8419418876,7.30963881533,3.0,12.6799266197,10.1367755144,5.14825498164,104.0
43.4096282557,118.551585252,52.4520377467,7.4414359296,0.0,6.66140879383,15.056051327,5.20915539068,105.0
44.0279726618,118.821998895,52.6689137452,7.42516968555,1.0,6.68895204564,15.0903938596,5.28335671942,105.0
43.8156037741,118.956414197,53.4218098172,7.45274699213,2.0,6.78456984679,15.107464603,5.2578724529,105.0
43.4228202716,120.182805693,55.2241113132,7.49539771393,3.0,7.01346213678,15.263216323,5.21073843259,105.0
45.8599726956,60.8523253485,20.7139178487,6.98971126216,0.0,2.63066756678,7.72824531926,5.50319672347,106.0
46.0310070892,61.9877813226,20.1356909208,6.95767637413,1.0,2.55723274694,7.87244822798,5.5237208507,106.0
45.9307036292,61.5987938583,21.3562967638,6.99361182852,2.0,2.712249689,7.82304682,5.51168443551,106.0
45.3583982301,61.6089981402,23.461870738,6.90748285772,3.0,2.97965758372,7.82434276381,5.44300778761,106.0
37.2334417595,10.0898271068,9.14869740069,7.32765203431,0.0,1.16188456989,1.28140804257,4.46801301114,107.0
37.1986771556,11.0706005857,8.25904364736,7.34376801438,1.0,1.04889854321,1.40596627439,4.46384125867,107.0
37.1263238197,10.9275316851,8.89654009491,7.39437661936,2.0,1.12986059205,1.38779652401,4.45515885837,107.0
37.3713200928,10.6576113021,9.55569834244,7.82351076782,3.0,1.21357368949,1.35351663537,4.48455841114,107.0
39.7031204461,26.7096464256,10.9864364885,7.06362540041,0.0,1.39527743404,3.39212509605,4.76437445353,108.0
39.2992078528,27.455095597,9.81863133287,7.31246716803,1.0,1.24696617927,3.48679714082,4.71590494234,108.0
39.5302878105,27.5583508231,10.4915269365,7.20159992624,2.0,1.33242392093,3.49991055454,4.74363453726,108.0
39.5902127995,27.8492026901,12.2142282703,7.17108394444,3.0,1.55120699033,3.53684874164,4.75082553593,108.0
44.7432468944,19.7975786172,2.2671682205,6.71170897435,0.0,0.287930364003,2.51429248439,5.36918962733,109.0
44.765283804,20.2430352828,1.32865581653,6.6315613171,1.0,0.168739288699,2.57086548092,5.37183405648,109.0
44.9054816866,20.4790669504,2.00982170857,6.51634167971,2.0,0.255247356989,2.6008415027,5.38865780239,109.0
45.1563504568,20.9392976943,3.67009925368,6.42786307061,3.0,0.466102605217,2.65929080718,5.41876205481,109.0
44.3018111075,73.1617651515,11.3317975717,6.33994832147,0.0,1.4391382916,9.29154417423,5.3162173329,110.0
43.402021983,74.3913706519,10.8156726049,6.4166861617,1.0,1.37359042082,9.44770407279,5.20824263796,110.0
43.3254001922,73.894932451,11.8288750286,6.35276953134,2.0,1.50226712863,9.38465642128,5.19904802307,110.0
43.3127291148,73.9764036021,14.3585484809,6.35127074239,3.0,1.82353565707,9.39500325746,5.19752749377,110.0
45.4707746498,102.958140275,85.826192929,7.34163977961,0.0,10.899926502,13.0756838149,5.45649295798,111.0
45.2411102427,103.045500905,85.5306101365,7.41575837116,1.0,10.8623874873,13.086778615,5.42893322912,111.0
45.751559593,103.106655485,86.3371307495,7.5050514784,2.0,10.9648156052,13.0945452466,5.49018715117,111.0
43.4788525981,103.511684817,87.2517432673,7.13959006468,3.0,11.0809713949,13.1459839717,5.21746231177,111.0
2.72931872869,47.8384907105,99.2938770802,7.32509349738,0.0,12.6103223892,6.07548832023,0.327518247442,112.0
1.8832491659,47.7664921684,99.096832844,7.40037931856,1.0,12.5852977712,6.06634450539,0.225989899908,112.0
2.53299421883,47.9982463039,100.076249039,7.35990634702,2.0,12.7096836279,6.0957772806,0.303959306259,112.0
2.42177449245,47.8518875379,100.886545962,7.36932416193,3.0,12.8125913371,6.07718971731,0.290612939094,112.0
6.8931691957,76.4261060135,113.06969911,7.73508296083,0.0,14.3598517869,9.70611546372,0.827180303484,113.0
7.81201927379,76.282288201,112.502381976,7.49278187733,1.0,14.287802511,9.68785060153,0.937442312855,113.0
6.76621054979,76.8040709368,113.802883276,7.72300069065,2.0,14.452966176,9.75411700897,0.811945265974,113.0
7.15184236203,77.0141691757,115.055016567,7.78587814616,3.0,14.611987104,9.78079948531,0.858221083444,113.0
17.4199948677,13.1293379362,125.479947955,7.82341819421,0.0,15.9359533902,1.66742591789,2.09039938412,114.0
17.0857626799,13.2350025942,125.242724839,7.84779579759,1.0,15.9058260546,1.68084532947,2.05029152159,114.0
16.8070603071,13.4464643897,126.193499299,7.77608414312,2.0,16.0265744109,1.7077009775,2.01684723685,114.0
16.7628950436,13.4307254706,127.183253734,7.67293902196,3.0,16.1522732242,1.70570213477,2.01154740523,114.0
39.8795182691,99.4383186643,127.260328482,8.87159345339,0.0,16.1620617172,12.6286664704,4.78554219229,115.0
39.779176073,99.387239648,126.847915472,8.78279131489,1.0,16.1096852649,12.6221794353,4.77350112876,115.0
39.8742256402,99.7275242789,128.117448986,8.88884674388,2.0,16.2709160212,12.6653955834,4.78490707683,115.0
40.5711783339,100.118408547,129.177318167,8.73567871869,3.0,16.4055194073,12.7150378855,4.86854140007,115.0
30.4490025905,33.7545991194,59.0992203156,7.45679052276,0.0,7.50560098008,4.28683408816,3.65388031086,116.0
30.1057274587,33.6393046395,59.3514909026,7.44245956717,1.0,7.53763934463,4.27219168922,3.61268729505,116.0
30.1541789492,33.6818447996,60.0645448534,7.47795516367,2.0,7.62819719639,4.27759428954,3.6185014739,116.0
30.8474573379,33.9646329471,61.2693931402,7.56717046618,3.0,7.78121292881,4.31350838429,3.70169488055,116.0
35.042435386,86.8405741086,2.49282396769,7.63157470757,0.0,0.316588643897,11.0287529118,4.20509224632,117.0
35.3116754654,87.0255959691,2.23678020248,7.69449265611,1.0,0.284071085715,11.0522506881,4.23740105584,117.0
35.1122698747,87.4387853245,3.20080648277,7.75715736648,2.0,0.406502423312,11.1047257362,4.21347238496,117.0
35.1943452547,87.5449525161,4.8177049974,7.73096503451,3.0,0.61184853467,11.1182089695,4.22332143056,117.0
34.6146718291,51.945913598,6.48746301155,7.83706759128,0.0,0.823907802467,6.59713102694,4.15376061949,118.0
34.984329803,52.7199931069,6.29884317976,7.85853043518,1.0,0.799953083829,6.69543912457,4.19811957635,118.0
34.6316708753,52.3560933746,7.15304853992,7.84962405996,2.0,0.90843716457,6.64922385857,4.15580050504,118.0
33.8144771585,52.7569536466,9.93397486598,7.64766766442,3.0,1.26161480798,6.70013311312,4.05773725902,118.0
1.29997691114,101.955650913,11.7133966322,7.62823264079,0.0,1.48760137228,12.948367666,0.155997229337,119.0
1.54758311061,101.989561895,11.3668299208,7.6468766153,1.0,1.44358739994,12.9526743607,0.185709973274,119.0
1.01541413847,102.54388224,12.6330351426,7.76758783891,2.0,1.60439546311,13.0230730445,0.121849696617,119.0
1.09310232571,102.423797656,13.8285083061,7.70110422638,3.0,1.75622055488,13.0078223023,0.131172279085,119.0
19.3565831922,69.9740235701,126.428733253,7.71411113805,0.0,16.0564491232,8.8867009934,2.32278998306,120.0
19.0696902613,69.9220823972,126.245862774,7.65458724725,1.0,16.0332245723,8.88010446444,2.28836283136,120.0
18.7676067203,70.2875246076,127.223072104,7.69274223567,2.0,16.1573301572,8.92651562516,2.25211280643,120.0
18.9336928539,70.547701951,128.644139819,7.72849853563,3.0,16.337805757,8.95955814777,2.27204314247,120.0
37.401864468,64.1975097745,34.3371711924,7.75151218263,0.0,4.36082074143,8.15308374136,4.48822373616,121.0
36.9599284972,64.9103341373,33.2156131502,7.73203391761,1.0,4.21838287007,8.24361243543,4.43519141966,121.0
36.7889880086,65.4003684888,33.386699895,7.84692991481,2.0,4.24011088666,8.30584679808,4.41467856104,121.0
36.7357260855,66.0328507586,34.5695483034,7.82632769863,3.0,4.39033263453,8.38617204635,4.40828713026,121.0
10.6616957727,117.879138962,0.674984501037,7.71483193426,0.0,0.0857230316317,14.9706506481,1.27940349272,122.0
11.6330968187,117.579543952,-0.0192115778546,7.97051905837,1.0,-0.00243987038753,14.9326020819,1.39597161824,122.0
11.2020945047,117.991454635,1.32857022723,7.8584911584,2.0,0.168728418858,14.9849147386,1.34425134057,122.0
10.8327958248,118.360974538,2.50515496334,7.84822488427,3.0,0.318154680344,15.0318437663,1.29993549898,122.0
27.9486877722,125.954031419,112.562656505,7.16626905072,0.0,14.2954573761,15.9961619902,3.35384253266,123.0
27.9874565803,126.122891565,112.423374325,7.23672734605,1.0,14.2777685393,16.0176072288,3.35849478963,123.0
28.1013223007,126.244323775,113.362059313,7.17427136978,2.0,14.3969815328,16.0330291194,3.37215867608,123.0
28.376820337,126.440689755,114.718682798,7.23417499482,3.0,14.5692727154,16.0579675989,3.40521844045,123.0
40.0294895386,25.7248984292,37.439891135,7.70832876529,0.0,4.75486617414,3.2670621005,4.80353874463,124.0
39.7686367712,26.054716273,37.2506163709,7.76586525643,1.0,4.7308282791,3.30894896667,4.77223641254,124.0
39.7700252171,26.1734219442,37.5623510401,7.72249936215,2.0,4.77041858209,3.32402458691,4.77240302606,124.0
40.1262321474,26.172172699,38.8267947399,7.66038649424,3.0,4.93100293197,3.32386593277,4.81514785769,124.0
10.7894118985,99.4834217451,86.3383975737,7.4097491542,0.0,10.9649764919,12.6343945616,1.29472942782,125.0
10.7318905863,99.5892202797,86.0285572181,7.42452358325,1.0,10.9256267667,12.6478309755,1.28782687035,125.0
10.7245116442,99.853300742,87.0524005743,7.44188922235,2.0,11.0556548729,12.6813691942,1.2869413973,125.0
10.6642323865,100.120066569,88.5003482576,7.3981531719,3.0,11.2395442287,12.7152484543,1.27970788638,125.0
26.6714514476,31.7794229112,127.643681907,6.47654353675,0.0,16.2107476022,4.03598670973,3.20057417371,126.0
26.2661838047,31.7514005485,127.481256584,6.48088639807,1.0,16.1901195861,4.03242786966,3.15194205657,126.0
26.3640479341,32.1135939623,128.506879442,6.3566194139,2.0,16.3203736891,4.07842643321,3.1636857521,126.0
26.5743362133,32.1185654922,129.144339828,5.97826504869,3.0,16.4013311582,4.07905781751,3.18892034559,126.0
4.38351948731,33.6423969403,96.2165366073,6.85683495758,0.0,12.2195001491,4.27258441142,0.526022338478,127.0
3.78491083434,33.6869544608,95.9482632507,6.800235697,1.0,12.1854294328,4.27824321652,0.45418930012,127.0
4.21559541993,33.7730407815,97.094801119,6.87591643984,2.0,12.3310397421,4.28917617925,0.505871450391,127.0
4.24612227701,33.7196778716,97.672678637,6.8056550004,3.0,12.4044301869,4.28239908969,0.509534673241,127.0
46.3749395553,24.1971312263,126.488369276,6.89663473661,0.0,16.064022898,3.07303566574,5.56499274663,128.0
46.0378676285,24.0934123555,126.420343081,6.94424794588,1.0,16.0553835713,3.05986336914,5.52454411543,128.0
45.7288224504,24.3041245017,127.426798579,6.80298412977,2.0,16.1832034196,3.08662381171,5.48745869405,128.0
46.0839911012,24.5230766122,128.673761674,6.90825855411,3.0,16.3415677326,3.11443072975,5.53007893214,128.0
46.9066176739,61.4346955492,105.587535521,7.01535936065,0.0,13.4096170111,7.80220633475,5.62879412086,129.0
47.3164299702,61.5088269716,105.154028745,6.80721347637,1.0,13.3545616506,7.81162102539,5.67797159643,129.0
47.2906393404,61.5227114504,106.03894736,6.84443781643,2.0,13.4669463148,7.8133843542,5.67487672085,129.0
47.1408928492,61.0058032377,106.656622964,6.83489619836,3.0,13.5453911165,7.74773701118,5.65690714191,129.0
3.55811347568,123.986224334,12.0291164646,7.62416332229,0.0,1.52769779101,15.7462504905,0.426973617082,130.0
3.6529749324,124.114110552,11.8262828001,7.61917970223,1.0,1.50193791561,15.7624920401,0.438356991888,130.0
3.19467698538,124.110874522,12.8806447309,7.56514813346,2.0,1.63584188082,15.7620810644,0.383361238245,130.0
3.43834476531,124.315733787,14.4082598203,7.54680022471,3.0,1.82984899717,15.7880981909,0.412601371838,130.0
47.068165043,42.5182509265,68.0680566897,7.10180519319,0.0,8.64464319959,5.39981786767,5.64817980517,131.0
47.0806721229,43.0480897644,67.9697133128,7.08517404015,1.0,8.63215359073,5.46710740008,5.64968065474,131.0
46.8965525456,43.41208002,68.2989228335,7.1798168787,2.0,8.67396319985,5.51333416254,5.62758630548,131.0
46.8384261032,43.5702595466,69.4152696244,7.00222735976,3.0,8.81573924229,5.53342296242,5.62061113239,131.0
45.5999709519,103.714625459,53.5374337816,7.30064503209,0.0,6.79925409027,13.1717574333,5.47199651422,132.0
45.7595549336,103.939426633,53.7413354218,7.20227260269,1.0,6.82514959856,13.2003071824,5.49114659204,132.0
45.6455497415,103.995880462,54.3568093866,7.29017547912,2.0,6.9033147921,13.2074768186,5.47746596898,132.0
45.669612766,105.221955006,56.0234880158,7.28320815096,3.0,7.11498297801,13.3631882858,5.48035353192,132.0
17.6863314688,87.972668358,127.762660347,7.73081584524,0.0,16.225857864,11.1725288815,2.12235977626,133.0
17.7812362206,88.0118883366,127.705227521,7.77162024194,1.0,16.2185638952,11.1775098188,2.13374834647,133.0
17.7447485679,88.3262898061,128.861123255,7.82532302562,2.0,16.3653626534,11.2174388054,2.12936982815,133.0
18.1925650864,88.5533535972,129.95316686,7.74727850998,3.0,16.5040521912,11.2462759068,2.18310781037,133.0
41.600335668,69.1393888567,63.709386918,7.11954329392,0.0,8.09109213858,8.78070238481,4.99204028016,134.0
41.0997137657,69.5452872347,63.7168655427,7.12715424043,1.0,8.09204192392,8.8322514788,4.93196565188,134.0
41.2593926626,69.797354385,64.2497488448,7.14555165246,2.0,8.1597181033,8.86426400689,4.95112711951,134.0
40.0924444626,70.1731635833,65.2241488748,7.23183827295,3.0,8.2834669071,8.91199177508,4.81109333552,134.0
47.149223109,9.29654690348,50.7822503107,6.58578122693,0.0,6.44934578946,1.18066145674,5.65790677308,135.0
46.9823348981,9.85302890481,50.9056580398,6.5725921056,1.0,6.46501857106,1.25133467091,5.63788018777,135.0
46.9399943146,10.0295177358,51.2934739678,6.64673367131,2.0,6.51427119391,1.27374875245,5.63279931775,135.0
46.8252351807,10.1846153226,52.6040272677,6.65703192276,3.0,6.68071146299,1.29344614597,5.61902822169,135.0
32.3806076623,103.175527056,74.7306672766,7.80358794435,0.0,9.49079474413,13.1032919361,3.88567291948,136.0
32.5711125692,103.451916833,74.6470742259,7.79300628033,1.0,9.48017842669,13.1383934378,3.9085335083,136.0
32.4765679386,103.524605104,75.5342020462,7.74598224825,2.0,9.59284365986,13.1476248482,3.89718815263,136.0
32.5223783588,104.304723475,77.0992475294,7.80012738632,3.0,9.79160443623,13.2466998813,3.90268540305,136.0
41.0325591763,111.272229125,66.4798663374,7.56391487328,0.0,8.44294302485,14.1315730989,4.92390710116,137.0
41.4307671348,111.544890705,66.5977189689,7.5117476512,1.0,8.45791030905,14.1662011195,4.97169205618,137.0
41.3612897266,111.630096516,67.4175961512,7.50782830426,2.0,8.5620347112,14.1770222575,4.96335476719,137.0
41.2539798084,112.599657533,69.2655306127,7.50962226932,3.0,8.79672238782,14.3001565067,4.950477577,137.0
48.4619013225,50.4850833549,117.254016257,6.37557191205,0.0,14.8912600646,6.41160558608,5.81542815871,138.0
48.1936923177,50.0615038615,116.530656371,6.47921431907,1.0,14.7993933592,6.35781099041,5.78324307813,138.0
48.4533382104,50.7058807049,117.50367144,6.35444536354,2.0,14.9229662728,6.43964684952,5.81440058525,138.0
48.518645927,50.4215839122,118.693364383,6.08074373512,3.0,15.0740572767,6.40354115686,5.82223751124,138.0
23.932499234,1.61995942384,13.4871164301,5.72572650298,0.0,1.71286378663,0.205734846828,2.87189990808,139.0
23.9550238018,2.25534811637,13.0643335744,6.06721405821,1.0,1.65917036395,0.28642921078,2.87460285622,139.0
23.604765735,1.99100963725,13.6872444818,6.25463108601,2.0,1.73828004919,0.252858223931,2.8325718882,139.0
22.7845716802,2.06685889634,15.7302600885,6.0089202503,3.0,1.99774303124,0.262491079836,2.73414860162,139.0
46.8231540636,19.1425977897,26.7580484743,6.45689103728,0.0,3.39827215623,2.43110991929,5.61877848763,140.0
46.5962376984,20.227618109,25.8239645611,6.67789242133,1.0,3.27964349926,2.56890749984,5.59154852381,140.0
46.636619712,20.0936976188,26.6076478709,6.45416451368,2.0,3.37917127961,2.55189959758,5.59639436544,140.0
46.5901970641,20.2602125658,28.1582263825,6.54766403367,3.0,3.57609475058,2.57304699585,5.59082364769,140.0
28.7299439512,127.853931288,31.4748041136,7.74432477072,0.0,3.99730012242,16.2374492736,3.44759327415,141.0
28.9492777243,127.822922362,31.3494964773,7.71198864294,1.0,3.98138605262,16.23351114,3.47391332692,141.0
28.3039602337,128.231249989,32.2124851537,7.37593371261,2.0,4.09098561452,16.2853687486,3.39647522805,141.0
28.7989954705,128.652248377,33.6204024978,7.72471707727,3.0,4.26979111722,16.3388355438,3.45587945646,141.0
42.6433396915,75.2103380398,126.344188425,7.11692599863,0.0,16.0457119299,9.55171293105,5.11720076298,142.0
42.3888932649,75.2305746257,126.122177009,7.12676998631,1.0,16.0175164801,9.55428297746,5.08666719178,142.0
42.5100796373,75.6772936265,127.352546636,7.18651778089,2.0,16.1737734227,9.61101629057,5.10120955648,142.0
43.5585991658,75.9172852728,128.974068532,7.32104206364,3.0,16.3797067035,9.64149522965,5.2270318999,142.0
46.8163170965,122.389682473,36.7997151991,6.86719830297,0.0,4.67356383029,15.5434896741,5.61795805159,143.0
46.7465878928,122.322990949,37.0679738112,6.90376907747,1.0,4.70763267403,15.5350198506,5.60959054713,143.0
46.7929462439,122.48430246,37.8626003248,6.89921935038,2.0,4.80855024125,15.5555064124,5.61515354927,143.0
46.3754528427,123.800050006,39.7391107233,6.86136842255,3.0,5.04686706186,15.7226063508,5.56505434112,143.0
47.3839427993,94.8451295917,71.876543768,6.45944041433,0.0,9.12832105854,12.0453314581,5.68607313592,144.0
47.3102122018,94.9741186023,72.1307473271,6.46185967456,1.0,9.16060491054,12.0617130625,5.67722546421,144.0
47.1519152347,95.2927377421,72.7143838296,6.5133043029,2.0,9.23472674636,12.1021776932,5.65822982816,144.0
46.8352612534,96.1909886814,73.8417430041,6.69262619718,3.0,9.37790136153,12.2162555625,5.62023135041,144.0
47.7855817691,99.2174360561,28.3359497221,6.09197969478,0.0,3.59866561471,12.6006143791,5.73426981229,145.0
47.8782284609,99.759102878,27.7269565612,5.92569653596,1.0,3.52132348328,12.6694060655,5.7453874153,145.0
47.9826596121,100.542221489,28.9497876987,5.82068993371,2.0,3.67662303774,12.7688621291,5.75791915345,145.0
47.812749751,100.665716565,30.1778365676,5.93324077982,3.0,3.83258524409,12.7845460038,5.73752997012,145.0
48.636446821,50.2643552982,55.9572132764,4.87698302605,0.0,7.1065660861,6.38357312287,5.83637361852,146.0
48.6686290461,50.2876498025,55.5037196023,4.98454655837,1.0,7.04897238949,6.38653152492,5.84023548553,146.0
48.5220188302,50.4852629429,55.9309272422,5.40925653191,2.0,7.10322775976,6.41162839375,5.82264225963,146.0
48.4685457193,50.6356186496,56.7169470061,5.14153680389,3.0,7.20305226977,6.4307235685,5.81622548631,146.0
47.4300128213,83.6388999118,25.8435663501,6.37146550838,0.0,3.28213292646,10.6221402888,5.69160153855,147.0
47.3392942309,84.191032381,25.6638643555,6.22171382644,1.0,3.25931077315,10.6922611124,5.68071530771,147.0
47.6026406579,85.0815111486,26.6384853701,6.10694660693,2.0,3.38308764201,10.8053519159,5.71231687895,147.0
47.4273981067,85.0402699429,28.5821706028,6.33726392929,3.0,3.62993566655,10.8001142827,5.69128777281,147.0
41.8628103247,125.918733607,10.0323585419,6.81184772624,0.0,1.27410953482,15.9916791681,5.02353723897,148.0
41.8025245031,126.706829518,9.61906366173,7.01166299752,1.0,1.22162108504,16.0917673488,5.01630294037,148.0
41.2519738691,126.917671717,10.8252468025,6.94374260302,2.0,1.37480634392,16.1185443081,4.95023686429,148.0
41.6797537101,127.101517672,12.2291183217,6.83300725787,3.0,1.55309802685,16.1418927444,5.00157044521,148.0
49.0835202917,5.80266781131,79.9656599493,5.2738180848,0.0,10.1556388136,0.736938812036,5.89002243501,149.0
48.8913539064,6.06402282668,79.0124501026,5.32731415534,1.0,10.034581163,0.770130898988,5.86696246876,149.0
48.7895869772,6.22364518066,79.9359788832,5.62610293047,2.0,10.1518693182,0.790402937944,5.85475043726,149.0
49.2409758889,5.43068803542,81.7390960205,5.06855315179,3.0,10.3808651946,0.689697380499,5.90891710666,149.0
48.0496306135,82.00087971,65.4636707819,6.356637507,0.0,8.3138861893,10.4141117232,5.76595567362,150.0
47.8487584331,82.0593133462,65.0606250636,6.30412539363,1.0,8.26269938307,10.421532795,5.74185101197,150.0
47.7556680568,82.6681460865,65.7742047647,6.4244869011,2.0,8.35332400512,10.498854553,5.73068016682,150.0
47.4977496962,83.0114981959,66.4368958348,6.48783034629,3.0,8.43748577102,10.5424602709,5.69972996354,150.0
6.11705839452,0.492588477275,4.93583487495,5.12547436363,0.0,0.626851029118,0.062558736614,0.734047007343,151.0
6.0231807012,0.671744193163,4.02506217892,5.29732330786,1.0,0.511182896723,0.0853115125317,0.722781684144,151.0
6.25547217321,0.363147375359,5.09142269634,5.3806926386,2.0,0.646610682436,0.0461197166706,0.750656660785,151.0
5.47195851418,0.428033997201,6.17374465792,4.81858298019,3.0,0.784065571555,0.0543603176446,0.656635021701,151.0
48.2013116606,104.477640501,4.44561083157,5.1101790019,0.0,0.564592575609,13.2686603436,5.78415739927,152.0
48.2965843266,104.549774134,4.34079296927,5.09009780856,1.0,0.551280707097,13.277821315,5.79559011919,152.0
48.2438875719,105.071890117,4.96545235373,5.2619278858,2.0,0.630612448923,13.3441300449,5.78926650862,152.0
47.9047102835,105.425870989,5.73618934282,5.16546850122,3.0,0.728496046539,13.3890856156,5.74856523402,152.0
48.9414564383,64.377623879,124.884700587,5.06476439013,0.0,15.8603569746,8.17595823263,5.87297477259,153.0
49.0236756018,64.3712623281,124.740878134,5.0592393785,1.0,15.842091523,8.17515031567,5.88284107221,153.0
49.1549639037,64.6695824892,125.972328977,4.98998131047,2.0,15.9984857801,8.21303697612,5.89859566844,153.0
48.6001562702,83.161302669,3.08963555623,4.65755661744,0.0,0.392383715641,10.561485439,5.83201875242,154.0
48.9098947765,83.4741591111,3.35459202064,4.58085925618,1.0,0.426033186622,10.6012182071,5.86918737318,154.0
48.7095555011,84.4122240058,4.01053655904,4.38514125261,2.0,0.509338142998,10.7203524487,5.84514666013,154.0
48.4628127352,85.1403468253,5.47903681762,4.63255011186,3.0,0.695837675838,10.8128240468,5.81553752823,154.0
49.5286999859,70.1605097477,92.7826253203,5.04912664574,0.0,11.7833934157,8.91038473796,5.94344399831,155.0
49.6582090175,70.1920495304,92.7276887952,5.24436531664,1.0,11.776416477,8.91439029036,5.9589850821,155.0
49.1681443574,71.2874078741,92.9484622602,5.25261805177,2.0,11.804454707,9.05350080002,5.90017732289,155.0
48.8385202695,71.2135835373,95.2292495851,4.98425304377,3.0,12.0941146973,9.04412510924,5.86062243234,155.0
49.0565687576,24.0805764682,59.647030785,5.00040462321,0.0,7.5751729097,3.05823321146,5.88678825091,156.0
48.8596708119,24.5140786794,59.1287123105,4.95391000828,1.0,7.50934646343,3.11328799229,5.86316049743,156.0
48.8808332707,24.3504159418,60.287519173,5.04064266765,2.0,7.65651493497,3.09250282461,5.86569999248,156.0
48.7751138908,24.9865637091,61.5232318364,4.84526234209,3.0,7.81345044323,3.17329359106,5.85301366689,156.0
37.6696854585,127.055496627,85.8096934776,4.53870745306,0.0,10.8978310717,16.1360480717,4.52036225502,157.0
37.3552685544,127.058415291,85.5111534874,4.72112710243,1.0,10.8599164929,16.1364187419,4.48263222653,157.0
37.3478473503,126.816301775,86.3582427086,4.7308651303,2.0,10.967496824,16.1056703254,4.48174168203,157.0
37.8097712927,127.222293651,87.7092186118,4.60213535089,3.0,11.1390707637,16.1572312936,4.53717255512,157.0
48.3210722553,58.1364303649,32.9963450993,5.43273728363,0.0,4.19053582761,7.38332665634,5.79852867064,158.0
47.8911612129,58.2869180262,32.6907170895,5.75015080076,1.0,4.15172107037,7.40243858933,5.74693934555,158.0
48.3333200012,58.4910146596,32.8277003906,4.97968124151,2.0,4.16911794961,7.42835886177,5.79999840014,158.0
48.3137686052,57.7969463537,35.2364525699,5.1519738273,3.0,4.47502947637,7.34021218692,5.79765223262,158.0
37.4490621303,6.0382727024,4.09249330828,6.36427190894,0.0,0.519746650151,0.766860633205,4.49388745564,159.0
36.362135602,7.27923805536,4.29164783515,6.43294534993,1.0,0.545039275064,0.92446323303,4.36345627224,159.0
37.131311923,7.47061159476,4.04777074051,5.99789356769,2.0,0.514066884045,0.948767672535,4.45575743076,159.0
41.3248739655,5.67028443307,-1.68845522968,5.96543342712,3.0,-0.21443381417,0.720126122999,4.95898487586,159.0
3.00960979366,11.8694173809,51.3637021488,7.33039711173,0.0,6.52319017289,1.50741600737,0.361153175239,160.0
2.80744493635,12.0177636201,51.2137439526,7.39366162127,1.0,6.50414548198,1.52625597976,0.336893392362,160.0
2.14490942441,12.8707322668,52.0104603472,7.34099761697,2.0,6.6053284641,1.63458299788,0.25738913093,160.0
1.54072890108,13.1078391797,53.1457822088,7.32867164278,3.0,6.74951434052,1.66469557582,0.18488746813,160.0
14.1522215197,118.671779127,0.307111697051,3.76783087048,0.0,0.0390031855254,15.0713159492,1.69826658236,161.0
0.164107639094,71.8387263793,23.8509227015,7.1520130228,0.0,3.02906718309,9.12351825017,0.0196929166913,162.0
1.17360963588,72.6205864092,24.4925417472,6.93021706746,1.0,3.1105528019,9.22281447397,0.140833156306,162.0
1.54004842015,72.9410432169,26.0616388869,6.96135732986,2.0,3.30982813864,9.26351248854,0.184805810418,162.0
-0.238703804277,73.3120528409,27.3022727479,7.13713650475,3.0,3.46738863899,9.3106307108,-0.0286444565132,162.0
0.0933915828491,118.815607576,47.5360620608,7.41234815248,0.0,6.03707988172,15.0895821621,0.0112069899419,163.0
-0.443143013732,119.01116638,47.2197332178,7.42060440969,1.0,5.99690611865,15.1144181303,-0.0531771616478,163.0
-0.203566761239,119.184004122,48.0916490393,7.33177244498,2.0,6.10763942799,15.1363685235,-0.0244280113487,163.0
0.297102989746,119.711156738,48.3037033002,7.3760851464,3.0,6.13457031912,15.2033169057,0.0356523587695,163.0
0.117773603033,13.9309260301,79.3605952591,7.41092892665,0.0,10.0787955979,1.76922760582,0.014132832364,164.0
-0.111015579016,14.0987175345,79.1363603687,7.48636770701,1.0,10.0503177668,1.79053712688,-0.013321869482,164.0
-0.101952145128,14.5789591688,80.1169886845,7.37308594491,2.0,10.1748575629,1.85152781444,-0.0122342574154,164.0
-0.0549180946731,14.8597484433,81.311307623,7.35788259454,3.0,10.3265360681,1.8871880523,-0.00659017136077,164.0
-4.31101711898,57.8873556665,97.2825748092,6.15640305643,0.0,12.3548870008,7.35169416965,-0.517322054278,165.0
-4.52122242298,57.7722610766,96.9709061389,6.166426815,1.0,12.3153050796,7.33707715673,-0.542546690757,165.0
-4.12789360841,58.0583284947,98.2656742757,5.95244461884,2.0,12.479740633,7.37340771882,-0.495347233009,165.0
-4.1312323103,58.1844643169,99.0641221691,6.05972154064,3.0,12.5811435155,7.38942696825,-0.495747877236,165.0
7.82694750731,62.7065881101,131.980105916,6.80489902599,0.0,16.7614734513,7.96373668999,0.939233700877,166.0
7.24946251091,62.727973476,131.886909373,6.87244396209,1.0,16.7496374903,7.96645263145,0.86993550131,166.0
6.4570076987,63.0055935099,131.768365405,5.86363410905,2.0,16.7345824064,8.00171037576,0.774840923844,166.0
-4.70379955924,28.63466104,89.255597215,6.83651539963,0.0,11.3354608463,3.63660195208,-0.564455947109,167.0
-4.9668229762,28.6202812176,88.8839999084,7.01135336761,1.0,11.2882679884,3.63477571463,-0.596018757144,167.0
-5.10820724516,28.6217518764,90.2441157931,7.16784695335,2.0,11.4610027057,3.63496248831,-0.612984869419,167.0
-4.6363241475,29.2068008262,90.9962138761,6.49235180735,3.0,11.5565191623,3.70926370493,-0.5563588977,167.0
-1.72721439438,41.8319991439,62.062147246,6.90288132858,0.0,7.88189270024,5.31266389127,-0.207265727326,168.0
-1.72135518489,42.1947809157,61.7107717012,6.99939380917,1.0,7.83726800606,5.3587371763,-0.206562622187,168.0
-1.6856521909,42.4081143049,62.3803267166,7.12846763978,2.0,7.92230149301,5.38583051672,-0.202278262908,168.0
-1.54654688951,42.3659695073,63.8129989632,7.15781529937,3.0,8.10425086833,5.38047812743,-0.185585626742,168.0
29.986692602,44.6715340686,-2.11391803759,6.95530378435,0.0,-0.268467590773,5.67328482671,3.59840311224,169.0
30.2170808782,45.3479799126,-1.97766226008,6.78977321969,1.0,-0.25116310703,5.75919344889,3.62604970539,169.0
30.0093840079,45.2803068707,-1.73367663536,7.16820996772,2.0,-0.22017693269,5.75059897258,3.60112608095,169.0
29.1495085822,45.2408247409,0.421267080903,7.35514573071,3.0,0.0535009192747,5.74558474209,3.49794102986,169.0
5.06443198136,78.5844409605,128.056720415,7.0762378762,0.0,16.2632034927,9.98022400198,0.607731837763,170.0
4.96376459704,78.7034250087,127.851757497,7.14919095816,1.0,16.2371732021,9.9953349761,0.595651751644,170.0
4.47511313448,79.1355322881,128.906084967,7.05972623946,2.0,16.3710727908,10.0502126006,0.537013576137,170.0
4.60878570058,79.3110913634,129.842257581,6.92627266843,3.0,16.4899667127,10.0725086032,0.55305428407,170.0
-0.025867833094,66.7478309213,66.7801062274,7.14970191926,0.0,8.48107349088,8.476974527,-0.00310413997127,171.0
0.288904753545,67.1723043376,66.7363400061,7.15036391454,1.0,8.47551518078,8.53088265088,0.0346685704254,171.0
1.06937268824,67.3865470197,68.9903502556,7.1178492681,2.0,8.76177448246,8.55809147151,0.128324722589,171.0
1.14236757349,67.4443001586,70.5035268835,7.13392922785,3.0,8.9539479142,8.56542612014,0.137084108818,171.0
-2.20589685113,103.897254721,81.2865501664,7.15449467946,0.0,10.3233918711,13.1949513495,-0.264707622136,172.0
-2.0199882051,104.048594953,80.8314094982,7.04885875995,1.0,10.2655890063,13.214171559,-0.242398584612,172.0
-2.30727235028,104.520103271,81.8993410908,7.21331586377,2.0,10.4012163185,13.2740531154,-0.276872682034,172.0
-2.2707654278,104.984133952,83.4590970761,7.21110926735,3.0,10.5993053287,13.332985012,-0.272491851336,172.0
-1.21075736337,16.4807085114,108.071241152,7.15812462122,0.0,13.7250476263,2.09304998095,-0.145290883605,173.0
-1.49913030111,16.7370047008,107.328211403,7.19830595002,1.0,13.6306828482,2.125599597,-0.179895636134,173.0
-2.11574231653,16.7922264856,108.699984364,7.21902438254,2.0,13.8048980143,2.13261276367,-0.253889077984,173.0
-1.74207707524,16.3941946081,110.27112919,7.12721688442,3.0,14.0044334071,2.08206271522,-0.209049249029,173.0
-2.00029477816,57.8844382969,111.786672485,7.18160762453,0.0,14.1969074056,7.35132366371,-0.24003537338,174.0
-2.27821432764,57.9517225008,111.611086477,7.04898011222,1.0,14.1746079826,7.3598687576,-0.273385719317,174.0
-2.34632434709,58.1097864199,112.640963786,7.238560453,2.0,14.3054024008,7.37994287533,-0.28155892165,174.0
-2.21463942276,57.9110854412,113.617087675,7.36414288416,3.0,14.4293701347,7.35470785103,-0.265756730731,174.0
-1.33656736067,62.1566143648,27.5936549285,7.18484382416,0.0,3.50439417592,7.89389002432,-0.16038808328,175.0
0.244898627647,62.6188311451,28.2168379922,7.26065933431,1.0,3.58353842501,7.95259155543,0.0293878353177,175.0
0.609386319786,62.8459846234,29.9301720183,7.18143286813,2.0,3.80113184632,7.98144004717,0.0731263583743,175.0
0.190379740282,63.2654948084,31.2953040086,7.27173228208,3.0,3.97450360909,8.03471784067,0.0228455688339,175.0
6.25366468875,21.1442179453,132.644333952,7.29132655178,0.0,16.845830412,2.68531567905,0.750439762649,176.0
5.64089883129,21.3131199891,133.219789971,7.920561491,1.0,16.9189133263,2.70676623861,0.676907859755,176.0
5.51839015955,21.4262999764,134.300874159,7.91079385702,2.0,17.0562110182,2.721140097,0.662206819146,176.0
7.13841286254,20.6139237941,138.573378758,10.0112767863,3.0,17.5988191023,2.61796832185,0.856609543504,176.0
-0.665493502325,27.6050915704,75.2112438177,7.26047792757,0.0,9.55182796485,3.50584662944,-0.079859220279,177.0
-1.45004265061,28.2552211605,74.4010349663,7.29553081218,1.0,9.44893144072,3.58841308738,-0.174005118073,177.0
-1.16256860836,28.6694937844,75.9765949026,7.41240342735,2.0,9.64902755263,3.64102571062,-0.139508233003,177.0
-1.40014870591,28.8259911058,76.9058141565,7.33951448202,3.0,9.76703839787,3.66090087044,-0.168017844709,177.0
-0.0357699867634,24.1020202222,30.7216766612,7.26198640999,0.0,3.90165293597,3.06095656822,-0.00429239841161,178.0
-0.10956355831,24.3796431588,30.5696643156,7.22991786106,1.0,3.88234736809,3.09621468117,-0.0131476269972,178.0
-0.237853571094,24.5762505904,31.2087456503,7.13130175641,2.0,3.96351069759,3.12118382498,-0.0285424285312,178.0
-0.0864103557375,24.4203411031,32.5159587348,7.28387469156,3.0,4.12952675932,3.10138332009,-0.0103692426885,178.0
18.6648941596,130.208999963,16.1448414636,7.2911526926,0.0,2.05039486587,16.5365429953,2.23978729915,179.0
18.6612332082,130.918867072,15.8381873995,7.59722032702,1.0,2.01144979974,16.6266961182,2.23934798498,179.0
18.3491854998,131.264815392,16.7819123113,7.72856892312,2.0,2.13130286354,16.6706315547,2.20190225997,179.0
18.6146602188,131.192581628,18.3097434971,7.60470436159,3.0,2.32533742413,16.6614578667,2.23375922625,179.0
-4.38892605296,35.9841256622,30.5372000069,7.31311287329,0.0,3.87822440088,4.56998395911,-0.526671126355,180.0
-4.20023137792,36.1863392241,30.4898901629,7.16253652113,1.0,3.87221605069,4.59566508147,-0.50402776535,180.0
-4.22251526726,36.4367206713,30.9323149753,7.08351075998,2.0,3.92840400187,4.62746352526,-0.506701832071,180.0
-4.335430006,36.7848281121,32.5171667289,7.44261904958,3.0,4.12968017457,4.67167317023,-0.52025160072,180.0
-3.52870722716,88.0218392486,17.0401034354,7.31918999261,0.0,2.1640931363,11.1787735846,-0.42344486726,181.0
-3.41305190876,88.2896053066,16.641663145,7.18430962429,1.0,2.11349121941,11.2127798739,-0.409566229051,181.0
-3.24339540396,88.475878612,16.8866028343,7.26435326888,2.0,2.14459855995,11.2364365837,-0.389207448475,181.0
-3.0614938721,88.2687648213,18.6782777464,7.10906313789,3.0,2.3721412738,11.2101331323,-0.367379264653,181.0
-2.18419487375,105.132918893,97.8070355485,7.31693627521,0.0,12.4214935147,13.3518806994,-0.262103384851,182.0
-1.96152036718,105.385999616,97.6737794632,7.19611322203,1.0,12.4045699918,13.3840219512,-0.235382444062,182.0
-1.95847743401,105.70082872,98.6699084745,7.3075338666,2.0,12.5310783763,13.4240052474,-0.235017292081,182.0
-1.63138037746,105.915562619,100.050193596,7.221199715,3.0,12.7063745867,13.4512764526,-0.195765645295,182.0
-2.51943885827,50.8534315079,85.167551743,7.32664008367,0.0,10.8162790714,6.4583858015,-0.302332662993,183.0
-3.05683668138,50.8583830221,84.7933451254,7.44107604247,1.0,10.7687548309,6.45901464381,-0.366820401765,183.0
-2.72073007428,50.9436027046,86.0757028578,7.29554616892,2.0,10.9316142629,6.46983754349,-0.326487608913,183.0
-2.68223515697,50.9915959552,86.7691728944,7.39899981935,3.0,11.0196849576,6.47593268631,-0.321868218836,183.0
-1.17830340662,109.682628369,-0.0987817780069,7.45902755213,0.0,-0.0125452858069,13.9296938029,-0.141396408794,184.0
-1.40053099731,110.126875498,-0.237505525681,7.55317570796,1.0,-0.0301632017615,13.9861131883,-0.168063719678,184.0
-1.16884155574,110.409906081,0.670347808714,7.58888083547,2.0,0.0851341717067,14.0220580723,-0.140260986688,184.0
-1.36145341286,110.378770265,1.9398809376,7.58864419151,3.0,0.246364879075,14.0181038236,-0.163374409543,184.0
-0.178875068132,123.564160016,105.525694025,7.52002295449,0.0,13.4017631412,15.6926483221,-0.0214650081758,185.0
-0.0123681380671,123.768866516,105.353765904,7.50627659577,1.0,13.3799282698,15.7186460475,-0.00148417656805,185.0
0.3057860191,124.057604183,106.266610178,7.35866649678,2.0,13.4958594926,15.7553157312,0.036694322292,185.0
0.554382470493,124.345087787,107.724632963,7.37954336917,3.0,13.6810283863,15.7918261489,0.0665258964591,185.0
47.8630142371,-1.6469983946,56.1506692412,7.57074138842,0.0,7.13113499363,-0.209168796114,5.74356170846,186.0
47.6889652841,-1.53008817064,56.1102995867,7.86168484737,1.0,7.12600804751,-0.194321197671,5.72267583409,186.0
47.3891593676,-2.25666867941,56.8843128727,8.61454325074,2.0,7.22430773483,-0.286596922285,5.68669912411,186.0
47.0563966479,-2.56460968622,58.7407787406,8.94490365534,3.0,7.46007890006,-0.32570543015,5.64676759775,186.0
-1.80012530099,107.242891802,123.13817076,7.56976894895,0.0,15.6385476865,13.6198472589,-0.216015036119,187.0
-1.62154346977,107.414475285,122.982347751,7.5173901861,1.0,15.6187581644,13.6416383612,-0.194585216373,187.0
-1.59004523842,107.867662402,123.773050591,7.56420878165,2.0,15.719177425,13.6991931251,-0.190805428611,187.0
-1.19840139145,108.037134855,124.984709001,7.48790555204,3.0,15.8730580431,13.7207161266,-0.143808166974,187.0
6.93878523358,12.4041153338,-0.353587877658,7.61849686349,0.0,-0.0449056604625,1.57532264739,0.832654228029,188.0
7.13976013372,13.0559204261,-0.920987675927,7.56630532776,1.0,-0.116965434843,1.65810189412,0.856771216047,188.0
7.01451423745,12.7423690787,-0.431024939656,7.80855919336,2.0,-0.0547401673363,1.61828087299,0.841741708494,188.0
6.49582372498,12.7896602563,0.742946423748,7.93794924936,3.0,0.0943541958161,1.62428685255,0.779498846997,188.0
-1.57845250296,85.45194479,2.96709529126,7.6460982014,0.0,0.37682110199,10.8523969883,-0.189414300355,189.0
-1.73751853132,85.6515982583,2.53981098589,7.66683206369,1.0,0.322555995207,10.8777529788,-0.208502223758,189.0
-1.65721417992,87.069143628,2.55800033438,7.55584415859,2.0,0.324866042467,11.0577812408,-0.198865701591,189.0
-1.6320092699,86.6617976812,4.30368390079,7.7140552983,3.0,0.546567855401,11.0060483055,-0.195841112388,189.0
-2.73537501,8.02531148875,65.1055780149,7.72249289696,0.0,8.26840840789,1.01921455907,-0.3282450012,190.0
-2.7184275394,8.12576425961,64.8980828863,7.67245415313,1.0,8.24205652656,1.03197206097,-0.326211304728,190.0
-2.40852306105,9.34599346109,65.7095395441,7.15830263399,2.0,8.3451115221,1.18694116956,-0.289022767326,190.0
-2.38166566768,9.68277781492,67.013131763,6.97849088095,3.0,8.51066773389,1.22971278249,-0.285799880121,190.0
-1.26803225428,94.0955453956,107.630705122,7.75282785358,0.0,13.6690995504,11.9501342652,-0.152163870513,191.0
-1.10747711175,94.2869811255,107.362965107,7.66135584111,1.0,13.6350965686,11.9744466029,-0.13289725341,191.0
-1.05586876033,94.6639390404,108.40262162,7.63410081686,2.0,13.7671329457,12.0223202581,-0.126704251239,191.0
-0.58125953603,94.7283297763,109.56101861,7.7432551665,3.0,13.9142493634,12.0304978816,-0.0697511443236,191.0
23.6671642062,131.46289249,128.588931851,7.82439941936,0.0,16.3307943451,16.6957873462,2.84005970474,192.0
23.7482673293,131.982531614,128.608924453,8.2563816997,1.0,16.3333334056,16.761781515,2.84979207952,192.0
23.828167632,132.152327399,129.633128171,8.06644231755,2.0,16.4634072777,16.7833455797,2.85938011584,192.0
4.90625387377,39.1698430455,-3.85162373177,7.77407237361,0.0,-0.489156213935,4.97457006678,0.588750464853,193.0
5.00928303998,39.5675868577,-3.19680352182,7.41275690687,1.0,-0.405994047271,5.02508353092,0.601113964798,193.0
4.60645829539,39.7311551404,-1.64923794621,7.35743337421,2.0,-0.209453219169,5.04585670284,0.552774995447,193.0
4.67224730666,39.6832528157,-0.00781849375611,7.55375782277,3.0,-0.000992948707026,5.03977310759,0.560669676799,193.0
23.3692533384,102.166979789,129.416457714,7.96738968566,0.0,16.4358901297,12.9752064332,2.8043104006,194.0
23.5447907775,102.189276304,129.438922238,8.02788642121,1.0,16.4387431242,12.9780380905,2.8253748933,194.0
23.51439478,102.451411585,130.195454578,7.86458354936,2.0,16.5348227314,13.0113292713,2.8217273736,194.0
24.0376570734,102.481736041,131.47042681,7.84254368178,3.0,16.6967442049,13.0151804772,2.88451884881,194.0
-3.82536995726,6.06260654449,38.9759335113,8.12271504774,0.0,4.94994355593,0.76995103115,-0.459044394871,195.0
-3.6120865035,6.48932834533,38.391291154,7.90263688858,1.0,4.87569397655,0.824144699857,-0.43345038042,195.0
-4.31328083476,6.99419721342,39.2342287274,8.06765090681,2.0,4.98274704838,0.888263046104,-0.517593700171,195.0
-4.34128060084,7.36417306716,40.3062419019,7.77632104833,3.0,5.11889272154,0.93524997953,-0.5209536721,195.0
-5.69848778535,86.5243353031,57.1638476906,8.42869349046,0.0,7.2598086567,10.9885905835,-0.683818534243,196.0
-5.4040803621,86.5392031429,57.4082159087,7.86596914549,1.0,7.29084342041,10.9904787992,-0.648489643452,196.0
-4.58206591798,85.732781057,59.0227614789,7.4657476081,2.0,7.49589070781,10.8880631942,-0.549847910157,196.0
-4.47269697769,86.0492297943,60.7117004536,7.49511340996,3.0,7.7103859576,10.9282521839,-0.536723637323,196.0
33.985724841,115.072389967,-0.42161363124,8.43709684448,0.0,-0.0535449311675,14.6141935258,4.07828698093,197.0
34.1422470288,115.239202145,-0.280965202474,8.20303499072,1.0,-0.0356825807142,14.6353786724,4.09706964346,197.0
33.7507398524,115.745867246,0.375858507904,8.51379252709,2.0,0.0477340305038,14.6997251402,4.05008878229,197.0
33.6801311316,115.896054333,1.77146599012,8.3304372127,3.0,0.224976180745,14.7187989003,4.04161573579,197.0
-4.77230659171,5.25626278403,20.3669496203,9.73937255516,0.0,2.58660260178,0.667545373571,-0.572676791005,198.0
-5.71886850964,2.12047058367,20.4448379984,10.1021586346,1.0,2.5964944258,0.269299764126,-0.686264221157,198.0
-5.23083982862,3.41950201586,21.1127335102,10.0591618389,2.0,2.68131715579,0.434276756014,-0.627700779435,198.0
-5.50118317335,-2.5565129981,25.8889775187,11.7202283394,3.0,3.28790014488,-0.324677150759,-0.660141980802,198.0
42.6818720104,4.9259149579,128.816147129,9.96590904825,0.0,16.3596506853,0.625591199653,5.12182464125,199.0
42.4762751253,5.06711385897,128.411409164,9.94471537332,1.0,16.3082489639,0.643523460089,5.09715301503,199.0
42.1549272874,4.83682663914,130.516449314,10.6189647782,2.0,16.5755890629,0.614276983171,5.05859127449,199.0
42.2361289786,5.03905288608,131.792231498,10.7999336559,3.0,16.7376134002,0.639959716532,5.06833547743,199.0
17.1979616283,134.727986298,59.7732094365,10.9665192343,0.0,7.59119759843,17.1104542598,2.06375539539,200.0
17.9189654207,136.090066799,59.0138535148,11.6353011499,1.0,7.49475939637,17.2834384835,2.15027585048,200.0
18.4872376304,136.065046905,60.3580206686,10.949107128,2.0,7.66546862491,17.2802609569,2.21846851565,200.0
18.6877297608,136.722916397,61.7601922093,11.4510211003,3.0,7.84354441058,17.3638103824,2.2425275713,200.0
-4.49745550121,78.8452321064,115.135175568,6.51965252704,1.0,14.6221672971,10.0133444775,-0.539694660145,201.0
-4.11247441489,12.3421976622,19.648070349,6.63328827478,1.0,2.49530493433,1.56745910309,-0.493496929787,202.0
13.5033256565,119.673230651,0.458254783016,3.63183474479,2.0,0.0581983574431,15.1985002926,1.62039907878,203.0
14.5083797575,120.139805934,1.77821056418,3.54794778512,3.0,0.225832741651,15.2577553536,1.7410055709,203.0
-4.02800904332,67.8679230316,51.0941418307,5.82555616594,2.0,6.4889560125,8.61922622501,-0.483361085198,204.0
-3.70222595416,67.9678233205,52.5177439634,5.79891896948,3.0,6.66975348335,8.6319135617,-0.444267114499,204.0
2.3926996509,-0.841437149816,68.4656442683,4.35203192142,2.0,8.69513682208,-0.106862518027,0.287123958108,205.0
2.2847014276,-0.628189397353,69.6449030374,4.5800110679,3.0,8.84490268575,-0.0797800534638,0.274164171312,205.0
36.8776606363,74.7478984165,-2.96166915662,6.27270081738,3.0,-0.37613198289,9.4929830989,4.42531927636,206.0
-4.09915887151,11.0497738716,21.9078120761,7.43240677976,3.0,2.78229213367,1.40332128169,-0.491899064581,207.0
41.0757823108,52.0096436456,-2.51141493406,6.67743275107,3.0,-0.318949696625,6.605224743,4.9290938773,208.0
-4.78584076658,7.8049489886,120.956708752,5.90938873942,3.0,15.3615020115,0.991228521552,-0.57430089199,209.0
