z,y,x,rad,frame
15.6005609412,83.6510559624,80.5889565593,7.48028571066,0.0
0.49731092833,61.1668417106,100.943455341,7.36594448886,0.0
3.02347572438,114.844601981,11.8878597438,7.53104831619,0.0
1.52765371523,29.6446812835,94.9436050498,7.33587494853,0.0
12.8427899157,86.0513700165,5.82905618744,7.62614617683,0.0
5.27519529553,37.5150934809,73.8816181313,7.28242266679,0.0
2.43347514486,53.1359183538,6.81415648416,7.48781229367,0.0
12.0640065274,78.9306938976,101.531602472,7.38573507347,0.0
18.7837452861,98.0043253619,118.722179299,9.67839533264,0.0
9.72610313984,28.0875873793,22.1392578703,9.80290887276,0.0
8.73988851197,110.715462256,71.6613025949,7.39947521523,0.0
11.9516546129,24.7341737802,72.4597481348,7.43714053972,0.0
17.6752673128,9.69302793284,78.6503197039,7.72074243668,0.0
33.1123199783,10.6604229247,79.1335867686,7.54045201818,0.0
3.53598813848,29.6896690156,111.719417228,7.3707113878,0.0
11.6774365044,96.1459066455,48.3005284992,7.68023500946,0.0
13.0865271624,64.4172502167,34.5387398064,7.75900491694,0.0
9.47848036335,99.5848045998,12.02808388,7.76547210676,0.0
25.6171598376,50.6352079216,107.183247514,7.28700812557,0.0
13.927157718,41.6912292968,111.42396611,7.8216769978,0.0
7.53099592747,121.345836881,40.404394349,6.793395547,0.0
24.0884400913,21.3999317598,80.6468296607,7.26479968097,0.0
10.04269919,123.326502442,50.0357345227,6.72456814752,0.0
11.0654060389,34.2565177813,38.1656135303,7.51506009403,0.0
23.5761693288,112.648526567,5.18463904824,7.65289053451,0.0
10.4957013499,96.4711124795,34.7046363403,7.42128762679,0.0
5.17603965969,53.8792589058,113.546137601,7.27448772185,0.0
8.76074803795,16.0048634931,108.50136586,7.46564157761,0.0
19.58712783,66.9775004773,72.7919312983,7.62331315891,0.0
22.9718643116,63.9575592098,124.830086781,7.33600226108,0.0
10.9269401417,61.2386262795,62.3961713,7.45757124244,0.0
7.14321480984,59.8579503283,48.3339924651,7.23862206999,0.0
9.18792312318,111.468389545,33.133145523,7.47007227403,0.0
17.9098384696,66.4590992127,87.3386157545,7.44134002581,0.0
32.8099655169,19.2257160365,26.5357903016,7.28729773521,0.0
23.9766845779,45.7426903414,31.3177908686,7.55467634869,0.0
25.1831821277,100.385646945,41.830609043,7.43978548883,0.0
16.6017138156,116.216031614,84.3297426318,7.48875652638,0.0
17.7115430927,33.1719068538,57.9757556373,7.919559319,0.0
16.3860010662,29.5551738398,102.845754869,7.65088893771,0.0
12.8679062044,22.1108898645,47.6117240012,7.54810699648,0.0
16.9624455128,101.59094695,101.305278915,7.52102849048,0.0
22.9368626958,108.278719058,64.7685078653,7.58542653334,0.0
18.1541672379,48.6415955289,58.8478895949,7.90462764013,0.0
1.34021110711,90.8137035477,116.106883985,7.40302265592,0.0
33.0861161875,5.69148558798,101.530892154,7.16910380379,0.0
16.6912997161,53.0124945343,20.4928080833,7.72042494609,0.0
15.6270900606,71.4465797639,47.447479251,7.55340283856,0.0
14.7353343493,124.537355353,71.5881675205,7.96889549862,0.0
25.7750797945,118.913835018,104.102095098,7.12070026064,0.0
27.5305179104,66.2787826684,39.146336206,7.27264746437,0.0
32.7145776018,118.763142973,71.2830253415,7.62677800721,0.0
35.6910751274,40.899155741,48.0160918882,8.68273147954,0.0
16.8502850481,3.35645970569,113.111381129,7.51882337957,0.0
25.0375800668,114.895190221,37.0474420994,7.34448291977,0.0
45.350679158,5.97229909085,102.839745054,7.52096025363,0.0
17.9938048211,97.1758730329,62.8336730923,7.53849515521,0.0
18.5664014816,86.7762384689,21.4998959748,7.72753247321,0.0
34.4377824737,123.776151007,122.206243701,7.62023143815,0.0
17.2314047894,18.8828276114,119.143158701,7.22090517213,0.0
20.2828213593,121.745669884,24.2905973178,7.66089165925,0.0
16.9849013459,6.62171873665,41.3449490076,8.10816065784,0.0
21.2357147164,10.0381037487,55.2581086858,7.6939390659,0.0
30.4142465618,76.489063714,23.5955535619,7.40400823295,0.0
20.3095229454,30.5083922967,120.015968679,7.49504914219,0.0
17.1969423787,75.8801385478,60.2816627069,7.70765849848,0.0
17.6642761298,7.84758477716,98.9941867233,7.59258075624,0.0
20.5415020459,4.67373895009,17.3983292449,7.91212851839,0.0
32.558703608,62.0353587602,81.05008719,7.1307211567,0.0
36.3117407321,89.0425588665,120.597793649,7.54328419645,0.0
31.0246758163,109.847344408,23.7724247264,7.43665490958,0.0
7.1686009963,9.86951355114,22.6816219828,7.16398103757,0.0
24.3270011955,111.994715055,117.251764119,7.01181093925,0.0
30.7594941142,65.3402489724,53.8237350697,7.46549439741,0.0
36.1094984771,64.1905894675,94.1941355018,7.34639589717,0.0
25.4190527528,68.1629781373,110.72008207,7.37929921716,0.0
39.0862200689,19.565021453,40.6348574989,7.56392409036,0.0
16.66923778,110.310396758,50.975755563,7.81842833493,0.0
22.6445912416,83.2242845157,111.977261277,7.3681114321,0.0
18.4619144269,101.632171342,80.9095509391,6.94604209491,0.0
37.9393621147,33.5315819084,65.2248969429,7.05395431561,0.0
37.3069841622,12.7049285221,118.555989634,7.46106103287,0.0
45.0368752039,109.668623624,72.2554387795,7.6768461924,0.0
31.5015978054,0.978167029412,48.5342759154,7.00938120281,0.0
50.1954473044,103.927861498,96.6178811728,7.56354381558,0.0
40.534378672,117.66800297,91.0736360111,7.42521642208,0.0
36.693498054,83.4562066204,11.0581848071,7.60874249356,0.0
38.9567496737,85.4198261275,62.5876599855,7.55953926105,0.0
49.6039019292,46.8902105262,51.2539135749,7.66238268684,0.0
25.2278802013,44.2083506396,7.62997627368,7.6234728025,0.0
35.8241703884,49.6021394462,89.7020581123,7.44106346731,0.0
36.5943398794,33.2494114806,120.564185985,7.52414218298,0.0
38.0881200714,117.868087502,11.972025964,7.49513600402,0.0
48.3356052888,91.4060342423,52.5709427542,7.83281394909,0.0
43.2123430114,37.4945920321,95.9218781047,7.72699451552,0.0
66.7676661859,106.549583042,93.1000275545,7.43959453086,0.0
59.230794649,63.616559512,93.1753629649,7.29327874152,0.0
35.3313457623,15.1723550814,92.3125956809,7.38445240095,0.0
54.1136633834,12.6851417935,1.07397037447,8.10774140554,0.0
42.5703174846,125.870711893,27.1330982284,7.91504034399,0.0
31.3824396743,50.2741344263,123.419578961,7.24026087553,0.0
41.4100427953,0.99945201938,70.3768004922,7.90897105256,0.0
52.4714449908,120.919065368,17.195988395,7.47374080973,0.0
45.8642461823,93.0443741222,87.2303062843,7.26321111331,0.0
59.7067773372,66.2273181915,120.386444674,7.21957557821,0.0
43.1522744429,80.5504591018,86.1012458225,7.23309883253,0.0
69.9178294704,46.6713702029,55.672523521,8.64870717627,0.0
24.7561714732,72.4843329305,9.41811310113,7.90828496072,0.0
54.8604886167,113.659570203,85.7004107076,7.41856005761,0.0
50.7870595408,65.1521149733,82.735449758,7.19607486275,0.0
56.5415887179,52.9249288713,113.072390181,8.00414345403,0.0
38.1482178252,84.3877446797,43.9243619691,7.55742292536,0.0
33.9268687185,55.8386983424,17.3842852036,7.47234397853,0.0
43.5921536999,74.141995248,34.3064296371,7.68035465728,0.0
45.0200121493,99.5318901199,30.9195906247,7.74529113721,0.0
45.9100269944,23.7603463302,4.13859066978,7.59768355865,0.0
48.6442896356,65.717262892,104.902966772,7.67006383449,0.0
43.9261469763,89.0085864638,107.028493607,7.58487719952,0.0
59.9612906266,90.4009254975,94.6667967134,7.3990855551,0.0
62.1950982681,125.156924667,118.338539928,7.59738290426,0.0
39.4189508466,72.2659319164,68.1552437306,7.44046443391,0.0
58.8016567216,73.2047516216,41.8102436111,7.5630442449,0.0
52.0175232487,63.2038691897,67.5781130805,7.53189178719,0.0
61.3142650116,34.9851327609,108.49776936,8.27758784569,0.0
63.6051599588,44.7068692924,20.2938770272,7.29058242156,0.0
55.5764667892,116.959651892,64.6751562933,7.54542336251,0.0
46.3452166157,83.4320176004,25.7203336109,7.78583331668,0.0
48.9341826147,51.925782954,20.0037940243,7.62512381265,0.0
65.5479675525,82.8998088075,72.6204494621,7.657573455,0.0
48.7012923692,98.2983153834,115.759457394,7.64740755408,0.0
70.6657763929,26.4436412194,118.467385133,7.75487044287,0.0
64.5483693068,32.1670519918,76.3176204107,7.32533456328,0.0
43.7099041661,39.0646464706,13.7965697979,7.55799946678,0.0
50.8494067114,11.2406763829,81.4852385926,7.53166506795,0.0
66.0696848968,84.7774584572,122.66381044,6.89757903361,0.0
46.0378988866,16.4477440301,69.753368698,7.46378717304,0.0
47.985856291,93.481449535,14.3869687656,7.77372541565,0.0
59.1181165385,22.1793696735,106.07808431,7.3168992213,0.0
62.0467816206,84.8738811693,108.116659147,7.44368139163,0.0
65.5164453997,31.2810885419,93.3452624394,7.57506896889,0.0
62.0551016696,58.8688538628,38.0037293824,7.31886473785,0.0
62.1640363922,34.202212493,13.3691871841,6.99128122599,0.0
56.4345335531,80.1298458365,13.3581932875,7.47858625914,0.0
64.7969240149,11.8562481332,41.6289306638,6.83449617565,0.0
73.4071159844,46.6439760726,108.232901944,7.96722020594,0.0
37.9968862991,57.54005585,63.9512479519,6.79558887666,0.0
50.7570601128,52.4581248178,126.285955632,7.66801806203,0.0
66.5116762256,4.95471304821,87.7238191064,8.23545149463,0.0
71.0462584113,123.818014924,17.4045446178,7.76298227213,0.0
67.240755047,81.5419988326,24.6620005052,7.57328116857,0.0
66.0012990864,3.9086154892,61.4426239971,9.41824200651,0.0
41.9952256815,75.9463420235,114.030835831,7.52391754778,0.0
48.1865853363,77.9580933955,53.2617440745,7.467998146,0.0
61.8170291105,15.0897210778,55.3791052799,6.75925268867,0.0
63.5095787412,123.601640899,28.3306934994,7.23431192193,0.0
64.3234321503,109.826636045,117.634088666,7.34497805393,0.0
72.6205754749,101.989061919,63.9584097275,7.92142886037,0.0
76.5098563616,87.9681101656,92.9557969223,7.81923600265,0.0
66.5887787036,91.4628648672,53.6290582988,7.31579480561,0.0
58.5465165585,120.812983498,48.8485300877,7.23692312778,0.0
45.28169192,64.9156514293,45.8493704605,7.33023886227,0.0
75.7136580639,57.6208033835,69.1982545967,7.15332598415,0.0
90.6772935458,22.9050427595,115.365647168,7.40819295202,0.0
66.2204689595,17.8570566996,67.9769294709,7.8092344448,0.0
82.2822722856,79.3869035551,74.426557082,7.92826472709,0.0
44.6294632337,66.3681884729,17.2726263929,7.63617761231,0.0
73.8873173421,107.517005296,104.633987858,7.55996743176,0.0
61.1679660857,65.736241927,10.3155843075,7.30746674888,0.0
50.4454858465,29.1548418446,21.0253343583,7.05139997611,0.0
59.631038366,78.2273700548,90.3945339637,7.204015658,0.0
81.7939785699,92.246853163,42.5717372548,7.81607790711,0.0
75.1287439692,20.8863187362,101.124472521,7.88355072313,0.0
63.4067282372,10.1926017862,18.9912459601,7.50805317966,0.0
85.6191555232,79.8527340668,88.9391162732,7.36655222164,0.0
66.7316730366,95.7431598114,39.2828638976,7.74605071249,0.0
77.9207069885,49.6513179389,28.6008869223,8.3223521049,0.0
74.3029781676,123.840720684,38.9843807539,7.94981225888,0.0
76.576200231,7.21891985382,100.177305322,7.62866858557,0.0
78.908783569,66.1387052626,31.8041528179,9.14195901884,0.0
75.4277600418,33.7775210833,3.78483423556,9.32676469593,0.0
78.2329854668,6.3485314201,47.5155606765,8.69832223085,0.0
62.1509831667,7.02306461904,106.431078066,7.69916323526,0.0
70.8687948743,99.5249576701,4.21914079951,8.17894245723,0.0
70.2005762754,44.8334764754,87.7573939516,7.72531639441,0.0
63.768738088,42.7551346317,124.899017149,7.30770309676,0.0
73.4157894768,26.2875714016,56.5320978829,7.80701369584,0.0
79.3948022606,83.1108852726,14.3976550997,8.00401226028,0.0
74.3985148607,63.7687761233,114.834768111,7.74229031684,0.0
77.2067708035,100.185924303,25.9992678567,7.61618478001,0.0
72.1936718273,48.5949385081,8.64047228736,8.01622427148,0.0
80.1707901059,36.510441096,34.7281681775,8.09650041405,0.0
64.9346103659,1.66404386393,8.32494258124,7.16416787313,0.0
80.6378692718,114.010783341,57.4108190917,7.79638569659,0.0
90.7428018745,45.7694392163,109.946005985,6.97086274474,0.0
65.5907673908,110.079317692,39.8269616234,7.43236306543,0.0
12.6896223111,41.2809729997,7.55044329142,5.96486598593,0.0
76.8716782651,72.8581079942,104.776149544,8.22473595207,0.0
64.5688848668,95.8214732966,17.9417730349,7.65857776576,0.0
75.6661988998,79.5359097148,57.0446319457,7.4027346896,0.0
91.4877788631,29.3133221812,27.9893956101,6.2308585722,0.0
85.1718623283,91.9904915872,57.3728600112,7.38370779476,0.0
81.4889215659,125.30856516,102.806218419,8.72362556189,0.0
80.6932930917,81.3661373938,119.985143848,7.23337018684,0.0
88.2436027518,17.021863138,53.6257215481,6.4755174591,0.0
81.9194395409,48.3957862568,71.1070220851,7.29873059439,0.0
84.9518518527,78.5874726254,29.1670036404,7.48782693858,0.0
83.3338473654,9.62504269206,87.7053980938,7.89789550081,0.0
79.9323077174,117.690565704,72.5859085362,7.80658522909,0.0
91.0936030377,69.7283874097,55.3455703238,8.97877221663,0.0
78.6805631105,97.3512795915,114.975025901,7.82025685167,0.0
83.8912547291,51.4179802233,43.6983947244,8.81657891843,0.0
66.193361627,110.605572096,23.4164780502,7.61164894943,0.0
74.3447361813,14.0522743499,31.9327979714,7.98931988453,0.0
91.9298393464,83.6940820017,112.798634892,6.93474375822,0.0
84.3054767502,63.8800859774,69.2377026969,6.99667623903,0.0
91.4987431007,41.4369506812,56.7269377704,7.09463103369,0.0
91.236192634,61.5855587337,105.960456046,8.46288830022,0.0
86.0727896531,23.7758959128,88.0285107783,7.23798200405,0.0
78.9826598877,104.939407359,85.9676926542,7.79279821299,0.0
84.5271588528,96.3019840064,101.200726569,7.2815464901,0.0
82.2350109852,5.19540904624,18.3755780052,7.74279286015,0.0
90.8650700671,18.4136089902,101.597578524,7.16835842366,0.0
91.7506885695,38.3036699995,76.3786757659,6.65423427315,0.0
85.4027262656,72.2720238746,42.1384145799,6.59141157641,0.0
88.0865388666,3.81002690493,108.538361379,7.40607928855,0.0
87.1274855888,32.2961852717,98.6193424462,7.64932203624,0.0
84.3398865591,111.177677899,12.6036418141,7.52128793453,0.0
91.5831179156,27.0215772007,43.108166186,6.53055146183,0.0
91.9291172825,106.359311067,38.104499889,6.66767950725,0.0
92.0735444674,106.764803553,22.9864990517,6.21125503757,0.0
91.6380194667,118.136465703,81.0059400461,6.54006944306,0.0
86.6655049467,119.382259564,31.8296069264,6.93539659872,0.0
92.3713266153,106.235383035,108.703804063,6.32408755968,0.0
87.082055054,97.0463771202,15.6745454382,7.00530393487,0.0
91.9848216504,102.760918095,68.279401342,8.50315908421,0.0
73.1161026147,74.7859372892,11.5057233093,7.31247532925,0.0
93.1664955227,102.826515771,96.0826997899,5.23807383821,0.0
92.465152315,71.7765513939,20.4706659269,5.57880922769,0.0
84.0412260813,111.34657474,116.483863719,6.65329433683,0.0
93.5022876125,29.5255079761,65.7819155947,4.30300934328,0.0
0.789871807881,83.5518413995,66.0479688873,9.60978322611,0.0
3.78453663732,14.4303239428,32.2863828993,7.12263923334,0.0
5.01778555025,117.965741475,115.008663968,7.34355513795,0.0
3.78373614597,101.472558124,125.892169615,6.90351985418,0.0
1.70105234851,23.2752480958,58.3594984555,7.37361434031,0.0
1.7384514123,62.964387841,123.168926557,7.12532695681,0.0
13.8077639554,81.4372032883,36.3183724406,7.69145132072,0.0
32.119618247,31.2058582361,106.252452576,7.24995992161,0.0
16.1626706908,60.3039203924,9.74589298541,7.8688761377,0.0
37.0359060992,126.755501407,58.7840771197,8.17529579741,0.0
28.280174111,23.2723392638,51.4272602165,7.22661629428,0.0
39.3339135007,59.9333235208,32.6255905758,7.80816866038,0.0
39.5395084951,63.4309473364,122.779815457,7.96059364233,0.0
0.312512625538,74.9980494898,41.1930364528,7.43337651255,0.0
1.71671980293,70.4018081845,65.4851008513,5.83336527483,0.0
0.466405036389,113.469025122,88.4237079413,7.33021673497,0.0
1.47571233361,77.7713987803,124.541666626,7.24600734183,0.0
47.3701843934,63.2962639093,3.24716235174,7.36726121768,0.0
35.5970296677,34.5835186885,0.436564827134,8.05212261183,0.0
11.7641696784,21.1396091656,90.3869192623,7.38749204093,0.0
15.412289504,57.5802235185,97.878263773,7.62187457691,0.0
0.548259981711,80.3167072942,82.6506835649,7.56447026899,0.0
39.828028121,105.023668069,105.011166712,7.36743839297,0.0
39.846287771,43.7842630634,27.5899683284,7.7258379497,0.0
60.8590234763,2.61797555814,36.7065892491,7.37797966665,0.0
59.2246644312,112.66548673,0.142342949454,7.57075462067,0.0
72.6201208706,56.5645227164,96.870911457,7.91351872034,0.0
70.5369050592,124.594846863,62.2668442611,7.64081567522,0.0
39.690456018,49.5636894389,104.403518005,7.62754402157,0.0
44.5278998723,0.529616662784,28.1885035416,8.29781274372,0.0
54.8903269276,21.2518213064,41.5906389161,7.29498609333,0.0
71.1368482961,124.262073844,90.1364401256,7.63502040818,0.0
50.9304606749,25.8545828285,89.3283854314,7.77260170616,0.0
48.0593644485,15.6692320019,27.4291047092,7.64594976488,0.0
86.8395659616,124.934182031,18.979793004,7.47320849705,0.0
45.7101159786,108.015331323,14.45160112,7.0812311586,0.0
49.2056077275,38.9200776713,40.9811811779,7.50676438548,0.0
43.9342697917,6.73450440591,47.551170266,8.28160203001,0.0
84.9739682085,4.32517967048,32.4087732041,8.08078070521,0.0
87.6560969057,113.084927977,96.494622886,7.0387279103,0.0
89.5943436671,93.5303981553,32.2623410526,6.90850251878,0.0
85.8169245201,104.274370083,0.550937451951,7.88353783869,0.0
44.9430899926,123.151738769,104.650908144,7.30569138365,0.0
91.7909327946,48.5255874708,95.682274648,7.12967812972,0.0
92.1563934771,55.4364444037,19.0871585247,6.2159779296,0.0
43.5258149512,-4.58819238782,89.1324303013,11.3593744544,0.0
92.6277621221,61.0605915289,119.325328142,5.61227910809,0.0
85.668817815,9.85403603358,3.38152989785,7.15797167653,0.0
92.0304296831,116.142944061,50.1496021332,6.33903099192,0.0
65.0295294315,2.29783791502,49.6029537121,5.17005422361,0.0
74.354811114,117.315116437,124.587047647,7.13618320078,0.0
4.20743651742,76.9489802358,5.37470564786,7.62816318508,0.0
-6.91317141318,35.6387082271,28.2236381692,10.9378990886,0.0
83.7779160378,42.299825791,119.344200383,7.29343856888,0.0
51.9390567302,118.492085479,125.365645146,7.03113824935,0.0
57.3077192443,127.92458497,81.5541370952,7.44337871322,0.0
0.250626626919,99.1944870372,97.2236743669,7.51302530794,0.0
46.982198931,2.85106724013,117.925873852,7.92324287708,0.0
49.5970618497,25.3867455127,118.637852554,7.45676513489,0.0
4.24377537246,6.62699904259,79.7691506395,7.26613338641,0.0
5.68753857629,0.765161027978,124.641898724,7.44980769892,0.0
66.4452535526,1.44307417629,119.315959552,7.79649270149,0.0
92.7554730717,72.7283149971,7.92056114777,7.72888279631,0.0
52.1503944504,37.3196716903,63.1107421036,7.40292190639,0.0
51.118652508,40.547901284,86.9622774154,7.11153931498,0.0
42.1084634231,52.462907976,74.4446089527,7.23082831953,0.0
45.9710189497,29.5885645447,71.692210023,6.542437939,0.0
17.3705936875,79.1102322117,-9.59352967127,10.2486776891,0.0
-6.61775605824,39.0805598983,59.7507876124,9.5872290088,0.0
58.993584864,15.0648070598,127.522747224,7.48415294422,0.0
91.185606174,1.0011959775,122.652349689,6.97194457931,0.0
82.3982026576,19.9764708848,126.745553083,7.79961943989,0.0
53.3877096201,44.3830615838,72.9985186379,7.49129186518,0.0
42.1540731401,40.0056858934,77.2088850138,7.86358428821,0.0
40.603844076,45.4356217811,61.8404463045,7.86030761452,0.0
37.3423337678,108.966396517,48.6660464893,7.32724091576,0.0
92.9586198789,48.087461362,5.60154041848,7.57309247218,0.0
41.3191306483,99.9262255648,42.95299992,6.87387598203,0.0
40.7655771273,110.888459159,35.8962319093,7.62514579753,0.0
21.7663617081,81.5403184483,94.630295632,6.97278253654,0.0
25.3436692975,91.7997546927,92.2489789684,7.11177699461,0.0
51.4338834324,88.8545438868,130.739098146,9.37325373062,0.0
49.451646809,89.7857012192,72.5822895609,7.54604062822,0.0
58.8739481945,97.2585268392,69.8691959728,7.37632765889,0.0
78.5627176188,29.0278268423,75.0182328177,7.86191070691,0.0
89.2634066555,104.16783306,130.559908166,10.0102059075,0.0
85.6172760559,0.252859140655,-6.51328455091,10.9884842673,0.0
39.5357361542,2.32472322044,-9.65238316273,11.8827038287,0.0
-6.02757149232,32.4854445076,122.789187637,9.51409442454,0.0
3.71382999972,136.559663312,31.2144655483,10.8047769675,0.0
73.1557725518,127.889824881,77.0503741737,7.45922737749,0.0
43.1238634028,135.39978457,12.5898049151,10.3181776411,0.0
21.2952977681,137.279716128,50.4599083856,12.1665831804,0.0
73.7001380938,17.1194144929,-3.42783612874,9.39426686759,0.0
68.2122554342,70.9535656214,131.657714906,9.1652903558,0.0
90.5635629506,133.547783641,75.3102482564,9.39322930001,0.0
20.6930916095,18.1061034206,-0.0637618206078,8.61503327419,0.0
45.1117921786,131.464931069,90.7084968738,8.95374259911,0.0
-7.57638285488,84.5447544738,67.7934693361,8.87046332765,0.0
67.6811942677,0.28168413701,-11.5435168823,10.1881599892,0.0
21.101048332,1.42442778487,-3.52057196955,9.0473200514,0.0
91.3487514376,0.145850188439,82.8860171434,6.38259636816,0.0
0.732407650336,45.1883860132,92.8732672906,7.52690360477,0.0
0.0917135580037,42.2085442051,124.048474272,7.49754372802,0.0
0.400014908923,127.564261843,100.025320367,7.4535993977,0.0
-6.80036520733,121.803998555,118.396342085,9.35377235464,0.0
28.5268139029,80.7926763576,131.853953838,8.55179236883,0.0
49.2553984173,87.5655204519,-1.47830770733,8.55423187969,0.0
2.07376679267,95.8254886551,-2.19523475554,8.51213767117,0.0
-0.272648219642,72.2350738846,71.1503445638,2.96795613906,0.0
97.5589185063,8.88304013279,75.3873119818,3.32119116941,0.0
26.7800364118,-2.04580278625,75.2948766026,4.38818400683,0.0
41.3616570017,-0.809053611826,16.7641831854,4.48043078996,0.0
25.6342450747,130.046233494,32.3541956372,4.78499180906,0.0
-3.55590233069,6.20087080173,24.6912905753,5.47111453022,0.0
5.19265171539,-3.60021050954,70.5157409627,5.72947582255,0.0
-4.22920222744,6.58747436608,102.053128083,5.76117486818,0.0
-1.65703035597,4.00342774768,3.47189981252,5.86042892842,0.0
4.86100245933,13.8441923624,130.989465568,5.91019339442,0.0
-3.83849488709,96.7238306911,57.1343712361,5.93997886895,0.0
8.3268776781,-2.02563055846,32.5292041922,6.00215503074,0.0
60.4807942974,129.569123561,42.284913725,6.11196139292,0.0
-2.73393453941,23.279414408,76.2916087525,6.35242210246,0.0
-2.92078508938,127.725735093,8.31856703402,6.71264299923,0.0
61.2963053985,28.741150593,129.843739684,6.7170039017,0.0
68.7571221372,-1.76222179691,24.8737810434,6.79914071861,0.0
33.0633929483,119.842142157,-3.38365774283,6.81359116641,0.0
52.3034924775,-2.5006521553,-5.16502128253,6.84361756214,0.0
21.9477573981,132.901849403,81.5227059621,6.93288609716,0.0
19.9753461607,131.401398214,97.9876409035,6.93829275046,0.0
11.9391600312,-1.05981497774,52.417926994,6.96311242004,0.0
13.608490432,-2.9637631417,84.984624457,6.99452327886,0.0
69.3232034213,60.2161285725,-0.777638784479,7.04741726406,0.0
92.5770828032,55.5431955421,130.197743148,7.24733756752,0.0
-0.00631457732103,87.5329763459,101.435232746,7.29427198794,0.0
-0.583496553133,69.7536255671,26.706237507,7.29448455061,0.0
-5.05912963867,5.69545764955,118.349102446,7.31221956821,0.0
-2.42936812814,102.256057982,20.65545756,7.38990408446,0.0
-0.650907475173,25.1656995961,40.5624499081,7.43046943656,0.0
-5.35235163559,2.29737960823,-9.93463837926,15.1527875471,0.0
29.7597153242,89.7206940782,-23.999,22.3015723524,0.0
44.5815658337,105.505948219,129.309853267,7.51706767838,0.0
9.92863758889,129.905323052,86.2832557101,7.52512398384,0.0
-0.0654275575406,4.63985052873,52.6675882958,7.67919511945,0.0
-2.02958819407,70.7811786592,55.2462195803,7.75097417253,0.0
24.5422318437,54.7954528916,-3.75886065557,7.7736463451,0.0
-3.44667300839,11.7100612811,-0.0148397842286,7.78706492958,0.0
67.3602710576,80.6036267743,-1.30326403857,7.82179181516,0.0
34.3228978347,67.4642555287,-1.97105591276,7.85089715756,0.0
18.111819095,31.1814747705,-1.45792319898,7.84927977335,0.0
-4.83349376141,101.98429578,110.40976636,7.85118211972,0.0
78.6928029787,87.4100459256,-0.262996524607,8.013409658,0.0
35.3051244655,105.61973784,-2.02735311716,8.01397116776,0.0
1.29267570859,110.390854735,-3.44112837756,8.13167648596,0.0
-7.04225676042,37.0056623584,93.4447537278,8.17536668279,0.0
55.4474276664,130.652232483,61.3603456681,8.26820783606,0.0
91.3579021578,29.4411600973,130.893646189,8.27940754048,0.0
-5.08820868451,85.5615550936,57.3352427514,8.34681886131,0.0
78.6942027329,133.776523175,122.132681738,8.41745163387,0.0
15.6476821701,83.5960577753,80.576339859,7.44744820414,1.0
0.362790638867,60.8014701897,100.640174035,7.34082862759,1.0
3.38648719119,115.666975943,10.8799841628,7.56573663847,1.0
0.826337041178,29.8523515336,94.8386349897,7.3162649367,1.0
12.4879018504,85.9794148226,5.78170640296,7.62097770901,1.0
6.45578532064,38.5025177669,74.5580570936,7.29324416193,1.0
2.01717333281,53.641240343,5.86336819949,7.46491352978,1.0
12.1897763413,78.5986745685,101.504893841,7.3736650586,1.0
18.6158308607,97.891558142,118.701041718,9.67473335908,1.0
9.63536018793,28.4068900271,22.2736708773,9.79347118956,1.0
8.73120837121,110.644983626,71.4471984768,7.37951709811,1.0
11.8895641733,25.5103525319,72.5722424408,7.38923385605,1.0
17.5256241146,9.7656716259,78.6918214908,7.70539584811,1.0
32.9253877656,10.7484435172,79.2080687545,7.50856759842,1.0
3.51667243962,29.5571242741,111.253561684,7.3812024069,1.0
11.5743929587,96.0149387637,48.1726700404,7.66720801346,1.0
12.8557189691,64.36512323,34.5466656201,7.7415434862,1.0
9.65720522465,99.7956456479,11.6906356171,7.81022303765,1.0
25.575146138,50.5349939587,107.069110583,7.28693662215,1.0
13.7807778331,41.5277103331,111.38745537,7.80828286503,1.0
7.54495338122,121.352934982,40.1512946912,6.88727573652,1.0
23.889964531,21.4831919674,80.6529361939,7.26329329711,1.0
10.1525647672,123.228388375,49.8512666832,6.72221705455,1.0
10.6428470775,34.2375411008,38.457247104,7.51623215473,1.0
23.5841255752,112.210718957,5.44518792373,7.57626233065,1.0
10.2517502582,96.2842970653,34.6804394315,7.44873573161,1.0
5.12217355954,53.7266151577,113.378255002,7.31249273291,1.0
8.66398994122,15.8603363691,107.916351182,7.4630807801,1.0
19.4693786242,66.9606780171,72.7355063441,7.59882641807,1.0
22.6713628996,63.9701466693,124.529634855,7.30319125962,1.0
10.7641238279,61.1943039994,62.4674978133,7.46154236558,1.0
6.96287823383,59.789617027,48.3467914269,7.28882452739,1.0
8.97174241304,111.296726031,32.9779577992,7.50748292037,1.0
17.828719731,66.4491936309,87.3528272358,7.43552332017,1.0
32.1706485181,18.0004179356,25.7791168302,7.27863275517,1.0
23.3327926437,45.8066896837,31.0016092999,7.60337673086,1.0
24.935204275,100.350103154,41.6806253018,7.49090088442,1.0
16.8110275679,116.074500352,84.0801932978,7.54011299343,1.0
17.7741982163,33.2402681826,57.2141453802,7.96458929361,1.0
16.3900320436,29.5158287894,102.47936229,7.65076810669,1.0
12.7010468567,22.1748421659,47.9100050156,7.58326326035,1.0
16.7935311064,101.435545868,101.253057884,7.55446414155,1.0
22.797527257,108.164928617,64.5139744486,7.54736281942,1.0
17.9505086989,48.7138577035,58.6945549258,7.92094532565,1.0
1.29267517742,90.7958533419,116.335671037,7.41378764709,1.0
32.7852900347,5.78882471167,101.656495962,7.16983543846,1.0
16.1680686828,53.1688659994,20.2815054638,7.77252408165,1.0
15.5027779162,71.4407625655,47.5030563987,7.58808618894,1.0
14.7631339588,124.440694962,71.3724446598,7.93367308264,1.0
25.7954287114,118.648097839,103.913594802,7.16855136014,1.0
27.2352971547,66.2734996334,39.0144034421,7.26116739221,1.0
32.6253628335,118.676339758,70.9627705442,7.59238444173,1.0
35.1693958332,40.7430429307,48.0596591134,8.65248862168,1.0
16.6856088601,3.24302643451,112.176948092,7.53078252044,1.0
24.814027443,114.815014747,36.8804948131,7.34767187121,1.0
45.1141647127,6.13954742468,102.962160857,7.49545955792,1.0
17.8111573811,97.1188313305,62.7216690939,7.52563601312,1.0
18.3931997499,87.0424560176,21.5386841948,7.72534065588,1.0
35.2577278114,123.310345636,121.985428613,7.66095824195,1.0
17.0915620625,18.6777162537,118.557027219,7.22159610403,1.0
20.0746890864,121.493093103,24.1098231189,7.69416079346,1.0
16.7652675289,6.42877040175,41.4103076383,8.1698010962,1.0
20.8769827432,10.3009816868,55.2166479035,7.75337262802,1.0
30.1129397856,76.5999503344,23.5272605133,7.39843625771,1.0
20.2121215431,30.2680980847,119.687573683,7.49282106065,1.0
17.0671827335,75.790263237,60.3055402679,7.66680485321,1.0
17.3994445759,7.96447425717,98.218690981,7.59079214678,1.0
20.191150893,3.27623055011,17.3806826774,8.23420899379,1.0
32.4842207766,62.049645564,81.0147810543,7.13751736554,1.0
36.2840854124,88.9709638108,120.199230329,7.55974178614,1.0
30.7513632658,109.54124902,23.6188011826,7.4342402647,1.0
7.22558927983,10.0263114254,22.3401537845,7.15824041714,1.0
24.313853833,111.863678436,117.129010878,6.96118904192,1.0
30.6073947709,65.2332937185,53.694795192,7.46426543791,1.0
36.1857454012,64.2133734505,94.1320161563,7.36788201283,1.0
25.3553187345,68.0671349964,110.507340374,7.35713732599,1.0
38.3816196868,18.9934303363,39.8681711389,7.58814066399,1.0
16.6124768255,110.214299731,50.7559295046,7.80956937722,1.0
22.633881369,83.1189566413,111.86924897,7.36931399358,1.0
18.50470967,101.516444561,80.6677544729,6.94157391341,1.0
37.7022458898,33.416324603,65.2059470209,7.04706448576,1.0
37.7913626552,12.1943742509,119.199439763,7.5515329803,1.0
44.899074027,109.670532893,72.3503353922,7.66728788217,1.0
31.1050139357,0.892352684423,48.8341932335,7.00119302436,1.0
50.3364090759,103.720411677,96.1623268769,7.5585689398,1.0
40.6768581757,117.428182568,90.5471177982,7.37725630576,1.0
36.3175689931,83.5726021754,11.0335397281,7.58278324978,1.0
38.8738494627,85.3523195221,62.6965671029,7.55738083611,1.0
49.2429779118,46.6808198816,51.1596512659,7.70046866532,1.0
24.5755313695,44.4307106282,7.278738497,7.60482866758,1.0
35.6138566074,49.583473485,89.7609288487,7.43381225741,1.0
36.5432164776,33.0306904986,120.287318915,7.52411687325,1.0
38.1293069382,117.556323269,11.9319137674,7.52180588193,1.0
48.103009993,91.3212115734,52.4268266108,7.85958253045,1.0
43.091262177,37.5277130074,95.8923782437,7.69519716656,1.0
66.8237434792,106.423108692,93.1884015797,7.41354084923,1.0
59.1237395271,63.1748379075,93.2980216878,7.2797663,1.0
35.0270582628,15.2674281955,92.394158166,7.357281655,1.0
54.2558976762,13.5271845664,1.38043257294,7.94035902216,1.0
42.3035110977,125.798106798,26.8547798767,7.94883356483,1.0
30.9651652057,50.2366820748,123.434270797,7.18626991507,1.0
41.2935152285,1.00089704659,70.4483210983,7.88954564067,1.0
52.4967169924,120.672650052,17.193264942,7.46871287721,1.0
45.9734414011,92.6652380901,86.8679517179,7.23582088575,1.0
59.4189438187,66.0311404743,120.376369018,7.21702848068,1.0
43.124322284,80.2211221845,85.9507096315,7.19648893339,1.0
69.5580339153,46.5183650057,55.6853086085,8.61976151019,1.0
24.2800878958,72.6388765125,9.3637797506,7.87870637648,1.0
55.1137951484,113.50456125,85.453135244,7.41668960202,1.0
50.477841752,64.5487912468,82.9952534177,7.18650083289,1.0
56.2236922683,52.6615556304,113.153614564,8.04630644773,1.0
37.8266967624,84.2584345091,44.0035795953,7.60696861876,1.0
33.3406248122,55.964908729,17.2409684491,7.42966381343,1.0
43.2932945906,74.1020140802,34.306645524,7.6649406916,1.0
44.6465885697,99.2660714613,30.6802361135,7.74854261677,1.0
45.4866743946,24.2545276922,3.97924367615,7.57118008092,1.0
48.5662110054,65.4640980152,104.836569046,7.66635513214,1.0
43.8934142116,88.7827276865,106.638420234,7.59310605726,1.0
60.0332464118,89.9603003114,94.5093705115,7.42644328939,1.0
62.2929825433,124.997719191,118.461178019,7.59378172839,1.0
39.3712796567,72.1398594356,68.1386701224,7.42208246506,1.0
58.4204012772,73.1833369816,42.0833207577,7.52559915234,1.0
51.9600850476,63.0240950276,67.3228619913,7.54151578895,1.0
62.1535780347,34.894027502,107.803684431,8.35875006812,1.0
63.0049995956,44.6678306,20.1316989552,7.28985414803,1.0
55.6968656731,116.80872728,64.7919599845,7.53251376456,1.0
45.9734251254,83.590273123,25.834735418,7.7653745262,1.0
48.2850125925,51.900438844,19.8510592146,7.65636758152,1.0
65.57928831,82.7752955766,72.728373108,7.68159833866,1.0
48.7322601653,98.0702420363,115.352349015,7.63762411199,1.0
70.9709883787,26.6568090337,118.422798973,7.75156709687,1.0
64.0218777518,32.4788488145,76.4452115983,7.38777196004,1.0
43.0842619785,39.1742126604,13.501952895,7.54278581534,1.0
50.6501509344,11.2237941983,81.6551775375,7.51269488492,1.0
66.0047121887,84.6103874933,122.594630513,6.89640789838,1.0
45.7603663357,16.327158075,69.8229979287,7.53500452187,1.0
47.8461021469,93.4020787835,14.3384367789,7.78919790035,1.0
59.0128529922,21.9589280836,106.707973987,7.30073481697,1.0
61.9584286834,84.4797885072,108.062651213,7.42600844585,1.0
65.0914137738,30.781974031,92.496771826,7.50625408883,1.0
61.8372392197,58.9401406083,38.1211569181,7.30959323823,1.0
61.4242406559,34.2188737678,13.1955518279,6.94991571069,1.0
56.1469365403,79.9534090619,13.4846180114,7.51951003973,1.0
64.0039911673,12.0314147696,42.4896804744,6.88349273215,1.0
73.5906138567,46.4780787092,108.343772101,7.95741725084,1.0
37.8142558462,57.4489935642,63.9648494596,6.76591960273,1.0
50.4229524637,52.3131837531,126.405628494,7.69148920518,1.0
66.7025880676,4.67963238508,87.9723908281,8.1495609405,1.0
70.9467836533,123.659073626,17.4869319064,7.77118728511,1.0
67.0275106008,81.426215403,24.8791262486,7.57294061248,1.0
65.3753899116,3.83724610019,62.0129209943,9.46177109393,1.0
41.8257160242,75.7643343395,113.737096805,7.52121703883,1.0
47.8702159267,77.8160650421,53.2163846902,7.48516551266,1.0
61.0354180282,15.1408027366,56.2320951807,6.73242243392,1.0
63.3271362596,123.47593509,28.3311267865,7.25107519768,1.0
64.3715895342,109.653491877,117.468940091,7.36246574838,1.0
72.5220297206,101.93581255,64.1210948703,7.94900311923,1.0
76.4871371231,87.7446645898,93.111368129,7.81751500827,1.0
66.4697512794,91.4677881435,53.8253372748,7.37056403779,1.0
58.5218387732,120.766342049,49.0862402835,7.29066335777,1.0
45.0117036794,64.8460076108,45.7555139031,7.34212972574,1.0
75.3300924801,57.4744124148,69.1942587895,7.19526302406,1.0
90.7205965445,22.8033722451,115.371353186,7.33309626757,1.0
65.6609274912,17.6057622837,68.9638872389,7.89107573792,1.0
82.2683759412,79.4376856698,74.6091666339,7.96889460612,1.0
44.0626998038,66.4373050781,17.220650477,7.61664062199,1.0
73.9266993617,107.330097001,104.706019091,7.53137585129,1.0
60.6760626037,65.6338938614,10.418809075,7.26295893285,1.0
49.6692727242,29.190218174,20.7248932502,7.03169963712,1.0
59.6684368804,77.7685963457,90.2952551587,7.176248115,1.0
81.6290093961,92.1005120656,42.7033914124,7.78676549117,1.0
75.0221300415,21.0805206817,100.963244559,7.80226940702,1.0
63.1709077751,10.0638509884,19.3026256129,7.54425238276,1.0
85.6136537961,79.7589849445,88.8853236156,7.29617687048,1.0
66.5947492626,95.6964324587,39.4577652816,7.72828695472,1.0
77.5395004347,49.5573525842,28.6203313859,8.25001338731,1.0
73.9587255641,123.612369829,39.0533302383,7.9066834252,1.0
76.6582902782,7.42630952773,100.402616683,7.58700344092,1.0
78.6611495127,66.1113024527,31.8195501031,9.15136488903,1.0
74.939087288,33.8352986909,3.45850512781,9.35115797524,1.0
77.3406921733,6.49097526045,48.1533462789,8.65492205938,1.0
62.4542636417,7.04304721478,106.686649129,7.66415113042,1.0
70.3760546461,99.4713893653,4.47370969791,8.12758619051,1.0
69.6139538843,44.7455110629,87.6070760393,7.70250768019,1.0
63.6777612352,42.8510234733,126.612924726,7.45825302705,1.0
72.6342071262,26.3676680192,57.5628517844,7.77217562297,1.0
78.9371235065,82.9441750825,14.4343093462,8.00465282848,1.0
74.2327114381,63.4237182475,114.887989499,7.74156985794,1.0
77.0463221083,100.174328245,26.0999449888,7.60353064812,1.0
71.6920059989,48.5832437134,8.46990808145,7.95172464233,1.0
79.9447524307,36.3838884235,34.4162450809,8.05764907105,1.0
64.9138507429,1.56095309967,8.70005146399,7.18669939542,1.0
80.5305729661,113.934138943,57.4719437513,7.87374832832,1.0
90.7971627256,45.6388768169,109.958958439,6.90499971157,1.0
65.4867732127,109.971744526,40.0132784053,7.44228746069,1.0
12.2487032566,41.5060170216,7.41517119533,5.85083809149,1.0
76.7266504845,72.3829969502,104.817200074,8.17117745047,1.0
64.2330733809,95.6667156547,18.0218165794,7.62140403327,1.0
75.4477827242,79.3917264452,57.2375396975,7.45556695894,1.0
91.4690307568,29.2376903648,27.9799274758,6.21108085995,1.0
85.0703143512,91.831996264,57.5214032614,7.43175313738,1.0
81.4202617464,125.141229619,102.889069058,8.616028884,1.0
80.6454018925,81.1718111519,119.951968493,7.23482537681,1.0
87.735212785,16.863357398,53.6126613761,6.47551914449,1.0
81.6994890155,48.1552815445,71.1744118878,7.41177135554,1.0
84.7858115965,78.4340553961,29.191600651,7.42617872629,1.0
83.2679785202,9.57160045178,87.6804917157,7.91936669282,1.0
79.9388389114,117.594792172,72.606699769,7.85460958188,1.0
91.1973171613,69.4672144045,55.2382922644,9.11685498463,1.0
78.565505253,97.2507863421,115.281183772,7.80834162076,1.0
83.595643861,51.3056390346,43.6688575694,8.81347889922,1.0
65.9195685838,110.462702323,23.4533569848,7.60633631318,1.0
73.2101809824,14.4574530721,32.6017931886,7.84076959936,1.0
92.0469754914,83.6518792629,113.041652822,6.78645340597,1.0
84.0197327276,63.7448729354,69.2844632339,7.09601020085,1.0
91.463051181,41.412428932,56.7764779085,7.19793429606,1.0
91.4988186842,61.402882395,106.207656807,8.4854521003,1.0
86.0353751322,23.7393596156,87.9121463186,7.25072148838,1.0
79.0229452991,104.692972062,85.9893937134,7.79504944919,1.0
84.430760375,96.1542947679,101.390471343,7.25454275645,1.0
82.1594569449,5.21512814008,18.6062845362,7.83295242431,1.0
90.9590052036,18.3677251004,101.644246467,7.11260201284,1.0
91.8300118716,37.992347608,76.399127837,6.88070556017,1.0
84.9672399732,72.1973735884,42.1046284802,6.56688575733,1.0
87.7898849519,3.91528826288,108.861340999,7.23601215365,1.0
87.0264087549,32.1421231378,98.7230455059,7.52311469548,1.0
84.2512789584,111.118626381,12.6523134093,7.54037304538,1.0
91.7038953222,26.9218955539,43.024927534,6.53121363972,1.0
91.9409248154,106.223122427,38.064681752,6.61928465359,1.0
92.0615307177,106.564297589,22.9355749436,6.19309503812,1.0
91.657778016,118.110131134,81.0829900031,6.54430440598,1.0
86.3633452489,119.300626143,31.8778866982,6.92655194961,1.0
92.4480479592,106.068482844,108.811128661,6.29954743917,1.0
86.8770912115,96.9041044958,15.6702944043,7.01076227759,1.0
91.9664131634,102.566100462,68.4659360956,8.58469471002,1.0
72.7823901997,74.5439176502,11.4934782347,7.28030277513,1.0
93.2418131724,102.717815206,96.0639877848,5.28507868367,1.0
92.4824094427,71.534846126,20.3541198058,5.68932896533,1.0
83.862542314,111.177649158,116.609388918,6.58925840406,1.0
93.4320235661,29.1849449513,65.6111659855,4.46277573097,1.0
0.767650464948,83.5924222088,65.99269034,9.58172549577,1.0
3.51565455476,14.5387188167,31.9458447471,7.12769480624,1.0
2.80640361159,116.940502371,113.112974025,7.20596641578,1.0
3.47558040568,101.935154766,125.990862011,6.76034294275,1.0
3.55312186575,23.6156942899,59.9934417091,7.33716006708,1.0
1.65088340779,62.8321959269,122.901733304,7.16221328515,1.0
13.5712772085,81.3461326105,36.3246293012,7.71773032647,1.0
32.107295376,31.1465596739,105.914146339,7.26906556935,1.0
15.7623403531,60.5520128028,9.64577287314,7.78313963008,1.0
37.1108567031,126.769218518,58.5130607722,8.22667189506,1.0
28.2575494018,23.2358097748,51.0682058966,7.2547178391,1.0
39.042694658,59.902793515,32.6046961708,7.80248632502,1.0
39.2797664503,63.3414315154,122.688897855,7.94826261314,1.0
0.13697037868,74.8402273372,41.0523107173,7.49073117307,1.0
1.64959785104,70.5051520302,65.3298258431,5.9274102175,1.0
1.97209984336,111.8187217,88.0624314181,7.28409523624,1.0
1.34645676635,77.5863676794,124.492935427,7.2873405711,1.0
47.0289222729,63.5593476941,3.09564109577,7.3585683151,1.0
35.0752425891,34.9304080392,0.318192788772,7.84793545547,1.0
11.1772498083,21.63405967,90.189737084,7.36819366137,1.0
15.3801219454,57.5045122142,97.7484870686,7.62357493814,1.0
0.665751255444,80.3203811294,82.4910726885,7.50345136992,1.0
39.8686563799,104.744497329,104.495581594,7.37908298803,1.0
39.1612627956,43.7780942396,27.337803734,7.66583360494,1.0
59.7944384111,2.86572951393,37.441662247,7.37289307052,1.0
58.8900125131,112.627612451,0.411433663447,7.62041867376,1.0
72.6410916137,56.2698629909,96.9437548154,7.86190352497,1.0
70.5775839735,124.505544763,62.5002886777,7.65877577881,1.0
39.6948252253,49.5946761757,104.3642712,7.64920236479,1.0
44.5235164785,0.292641231134,28.9004361077,8.32444903427,1.0
53.7577446225,21.4461144034,42.7858832007,7.35226633381,1.0
71.076232241,124.056760493,90.3153475694,7.65217529675,1.0
50.2337330061,25.7837166865,89.0474826923,7.74199501322,1.0
47.4538561956,15.6457717588,27.7254136336,7.66137154272,1.0
86.8381219854,124.951845025,19.0013763669,7.55906481568,1.0
45.7785635192,107.797118698,14.1940540102,7.04956293527,1.0
48.6292252469,38.7519594307,40.9923535823,7.53093672672,1.0
43.5422669944,6.49526801241,47.2930543649,8.31485974869,1.0
84.1603718553,4.90695491793,32.9809396043,8.26533845594,1.0
87.6106438203,112.967801461,96.5562642694,7.00907229574,1.0
89.1730437655,93.4248295476,32.4190695289,6.8350694581,1.0
85.6584526546,104.196797216,0.564814965757,7.91110167686,1.0
45.16995127,122.806444336,104.013272026,7.34786696592,1.0
91.9294857613,48.5954751046,95.6852450667,7.09658747056,1.0
92.1904556992,55.0953226448,19.0034680302,6.33118948412,1.0
43.2755364169,-4.55122956216,89.3696463203,11.4095126965,1.0
92.7050715402,60.9859102525,119.512307171,5.5841402865,1.0
85.6889908557,9.94434334162,3.7565572951,7.24764855111,1.0
92.0011224318,116.082995389,50.2475844262,6.26687130799,1.0
64.128227108,2.26916246169,50.1887751775,5.02177774155,1.0
74.3475394598,117.160151406,124.636069504,7.18506538246,1.0
3.6607217164,77.1129906672,5.71422444699,7.63081767033,1.0
-6.83464962438,35.7586182627,28.2225715218,10.7525771732,1.0
83.7990522626,42.1721101137,119.477066578,7.30627747635,1.0
52.2599185731,118.17557345,125.524726066,6.9990712115,1.0
57.69896773,127.769872582,81.5459575256,7.36481561396,1.0
0.411380021075,98.9284963123,97.4214904641,7.48440929288,1.0
47.2048436494,1.93230109367,118.043619049,7.97995950193,1.0
-2.35118094432,6.37978779896,-7.84792150139,12.2949935692,1.0
50.5138794193,26.8640737734,119.198463301,7.38821952457,1.0
4.01316974056,6.69205572401,79.4921491339,7.37760848855,1.0
5.91203493346,0.0593293295086,123.521158012,7.33275439715,1.0
66.7043308252,1.52297392465,119.569149543,7.79342859254,1.0
92.8562969855,72.4368958829,7.69209670282,7.92639340511,1.0
51.7283646217,37.2311680267,63.2208425131,7.47602629035,1.0
50.9143848916,40.4568454637,86.9550422024,7.11936211163,1.0
41.9133163177,52.4663982821,74.3264329226,7.17589701813,1.0
45.4696317769,29.355515188,71.7174565444,6.46128108138,1.0
16.5128655212,78.67298115,-8.32197796439,9.04430559264,1.0
-5.58688105261,38.4093503421,60.0973945313,8.76234259935,1.0
58.225031774,15.488749995,127.142876731,7.42334835212,1.0
91.1549055421,0.213587548419,122.551287466,6.96335139144,1.0
82.3953714831,19.8226704466,126.812326683,7.81528087668,1.0
53.449161138,44.3987373765,73.0080268852,7.40340123825,1.0
42.2215494824,40.031365804,76.860187996,7.98970062732,1.0
40.2290911613,45.396224007,61.7707052287,7.84836926803,1.0
37.2879777572,108.920437843,48.4790388074,7.36077724495,1.0
93.0389055468,48.0560186496,5.28201638481,7.81040062935,1.0
41.1064636173,99.7603183752,42.7577329852,6.901348974,1.0
40.5351300723,110.748414121,35.6365999513,7.66266951189,1.0
21.8062346316,81.3382167952,94.5140666609,6.94654106874,1.0
25.2405230081,91.591407553,92.0770263336,7.13256260923,1.0
51.3046727174,88.6721233379,130.593251276,9.4370780354,1.0
49.4222809388,89.4979169492,72.6460522911,7.50539051116,1.0
58.8120522974,97.0385945964,70.0665171685,7.41004060461,1.0
78.0976893616,28.9646842719,75.5711816018,7.93231095243,1.0
88.8966301692,104.12852733,130.871837082,10.1569994061,1.0
85.0427017634,0.218074500818,-5.53715853812,10.5672395525,1.0
38.643944074,2.02747027831,-9.6008150652,11.8680893923,1.0
-5.91768000867,32.3323761428,122.430514615,9.41068816653,1.0
4.06647091201,134.182280727,30.7811443103,8.81222308654,1.0
73.251740641,127.714032148,77.2920855426,7.40996317645,1.0
43.1406867941,135.212535253,11.9973219659,10.4759506025,1.0
21.3453182185,136.444883358,50.0676083942,11.5501762093,1.0
72.9612223921,17.091991348,-4.12853357744,9.56262605296,1.0
67.950348481,70.6946444531,131.467818403,9.08875955196,1.0
0.186324113349,87.1522452543,101.462675582,7.2486189047,1.0
90.702057566,133.281571745,75.4841581984,9.27374849455,1.0
19.957036754,18.3021448155,-0.69611620759,8.6026384363,1.0
45.19764628,130.79249562,90.1656314068,8.63687687309,1.0
-7.63297447174,84.5127928487,67.8365381518,8.97499648671,1.0
67.7653409024,0.0694682004712,-11.9834856122,10.4832733016,1.0
20.2211455208,1.09221016804,-2.19317534587,8.55695764738,1.0
1.76528764464,95.7930709182,-2.25929358087,8.53266796416,1.0
28.2935658172,80.8576868636,131.459128951,8.49619957337,1.0
0.382160443132,72.3046604436,71.1256590772,2.6515478062,1.0
97.6120780275,8.81054191553,75.91052331,3.24391700216,1.0
26.6596855452,-1.76826186104,75.4293769466,4.29841902584,1.0
41.6903116515,-0.570855194403,17.355428564,4.3531551801,1.0
25.5744538472,130.637107905,31.8857190797,5.40051049252,1.0
-3.40694460575,6.70705899745,24.1103294111,5.32989652115,1.0
-3.67404379114,96.377603471,53.4241413329,5.42421125749,1.0
-3.00509047957,3.21377658158,3.70201130842,5.65047054907,1.0
4.56805466264,-3.65700582401,70.1684062739,5.75917298471,1.0
8.01739511131,-1.93461612572,32.1946466461,6.0360124902,1.0
60.0762529911,28.6037915547,129.87827793,6.12812260807,1.0
-4.72487204714,6.28184181113,100.811303283,6.33715291807,1.0
91.4114824884,-0.0693205982535,82.8704600041,6.40041572582,1.0
2.24251006835,12.4333643528,130.768793426,6.70725613583,1.0
-3.56138995125,127.752378085,7.14506213442,6.64234407116,1.0
32.4318221493,119.525011535,-3.19426388347,6.7109144458,1.0
20.5704505671,131.180241728,97.8085325166,6.93300643783,1.0
-1.59790896828,21.8306781098,76.2159314174,6.80196157463,1.0
68.4836352542,-2.01109815256,25.1583512124,6.87579622794,1.0
13.5073594979,-2.85373144882,85.1212683949,6.96265701477,1.0
69.0853263124,60.3821046588,-0.818288340151,7.09862244594,1.0
-4.05325887055,101.9895839,110.508842443,7.01709203295,1.0
11.7178808144,-1.14161899798,52.7657268167,7.07863228056,1.0
92.7159711772,55.2278035385,130.173171074,7.20452987144,1.0
-0.648489423592,69.2984474076,26.7179680311,7.31827654641,1.0
-2.17131981368,103.10742158,20.4083495483,7.38399607322,1.0
-0.14987647542,45.4726234796,93.5922962502,7.46938976112,1.0
-0.0721189269225,42.0676943397,123.583328902,7.48660538996,1.0
52.2588850196,-2.85790719144,-5.85252300122,7.15167401512,1.0
-1.17150478318,25.2550405746,40.2344787818,7.50824986516,1.0
30.856406866,87.6630614232,-23.999,22.5191320685,1.0
44.9718634599,105.272233357,129.409748067,7.50997065882,1.0
60.1135074356,129.362136298,42.6517497802,5.96713343922,1.0
33.9655618837,67.7343175883,-1.98360364437,7.71596337784,1.0
66.9089361906,80.5545874786,-1.005846009,7.768072911,1.0
-0.287734850264,4.68656122267,52.7305827648,7.72132727193,1.0
-2.15500255413,70.7632152002,55.0101099917,7.77214440582,1.0
55.4027274166,130.125855091,61.5099501861,7.9892587951,1.0
17.882573235,31.5697957848,-2.21494652638,7.87838105632,1.0
78.4642404161,132.759679505,122.003156407,7.86080913441,1.0
91.2863731107,28.8967108837,130.534310877,7.91535494538,1.0
35.1136624686,105.225266283,-1.82475990099,7.94581355708,1.0
78.4458979216,87.4299342621,-0.221766960562,7.99818911827,1.0
-1.00235286068,129.449032611,96.9621559707,7.87201061225,1.0
-6.84816243393,37.0996760082,93.5191117398,8.01422024943,1.0
-4.99970439249,85.5740937333,57.1140305414,8.38096800314,1.0
24.1542344679,55.2747497616,-4.73990056409,8.21429385546,1.0
1.08561138015,110.358571681,-3.89656714829,8.18382725898,1.0
10.2398646508,130.012644214,86.0225429578,7.66072053481,1.0
49.3489605328,87.3586108677,-1.53105030488,8.38966893364,1.0
22.0651674728,132.527168321,81.1802315273,6.62883446698,1.0
-4.75813882587,4.79315273558,117.468089617,7.15659869161,1.0
15.494104584,83.7143225621,80.3416207077,7.42002783868,2.0
0.454505821194,60.8284097506,100.647841021,7.31920116696,2.0
3.16113798055,116.505003767,10.0606249941,7.50696249558,2.0
0.287786461204,30.4703634333,94.1659135481,7.31075772679,2.0
12.9569128847,86.9415662863,6.30169470011,7.66231343649,2.0
7.09814214693,39.6572143953,74.0054494145,7.25153721478,2.0
0.937215471153,54.2192092973,6.48193505738,7.49667643851,2.0
12.2449520198,78.7360085688,101.238491383,7.40015156075,2.0
18.5753561507,98.0434938439,118.403872144,9.65537953037,2.0
10.1660528033,27.9652425997,20.8420749962,9.84858411361,2.0
8.85375991531,111.195973473,71.4289066745,7.35292128461,2.0
11.5770252352,26.5357256561,70.9694260813,7.39814851566,2.0
17.2696390894,10.3369032994,78.0070849724,7.67501289061,2.0
32.6674107785,11.1187194055,78.5640527289,7.43085687385,2.0
3.64180896963,29.5073875333,111.221674323,7.32025074594,2.0
11.0988526662,96.4569676585,48.1797196811,7.68061417228,2.0
12.4431124562,64.6784298008,34.1914285797,7.80331149737,2.0
9.67640762341,100.923191168,11.6519319014,7.79364383666,2.0
25.7050922442,50.3864129951,106.683582521,7.26856459505,2.0
13.7819343129,41.456438802,111.259548679,7.81832965382,2.0
7.22624265421,121.711280497,40.1847689428,6.84758115818,2.0
23.774902957,21.8983880776,80.11594984,7.19823713247,2.0
9.73489355119,123.562788666,49.8177813886,6.68132470834,2.0
11.0272226547,34.0577771486,36.9348256345,7.58327092889,2.0
23.187101923,112.591643065,5.32353606022,7.52285391159,2.0
9.76746046931,96.75762603,34.6736344708,7.47821863406,2.0
5.2514067407,53.716961783,113.415619152,7.31214005985,2.0
8.80024943175,15.8709843722,107.625295491,7.45796525082,2.0
19.3249469864,67.0738468112,72.4583387974,7.56613254569,2.0
22.670745392,64.1088577844,124.426603341,7.32311825731,2.0
10.5157004781,61.36496531,62.1668657087,7.42017057653,2.0
6.64502190022,59.9909693898,48.0696189924,7.25691534581,2.0
8.51665879501,111.688184736,32.9616600472,7.50374257946,2.0
17.7820932159,66.4372803543,87.0993748139,7.42725490852,2.0
33.0675131419,18.1947606177,24.7348965488,7.37730136763,2.0
23.0917279135,45.8823717654,30.6573885717,7.68608559527,2.0
24.3736322019,100.678165814,41.5518997659,7.53105577495,2.0
17.1207618614,116.271843454,84.058116374,7.47128711725,2.0
17.2851219329,33.5096875993,55.9614790267,7.97199445851,2.0
16.3371801621,29.5378942185,102.276561853,7.66334673799,2.0
12.9436385726,21.8448734995,46.3369467557,7.61083647463,2.0
16.7674434202,101.562528793,100.934614766,7.59011484817,2.0
22.7309730945,108.585378166,64.4448077438,7.54059175217,2.0
17.6554848385,48.8757566333,58.0918994381,7.90361773562,2.0
1.25347167251,90.9230353822,116.181628001,7.43530885893,2.0
32.2723652548,5.98103046381,100.878055074,7.13100259222,2.0
15.9112678268,53.192021065,19.800668222,7.8076207176,2.0
15.0712199382,71.6655718478,47.1524203552,7.57054181705,2.0
15.0958000227,125.066336716,71.5630783855,8.06178770011,2.0
26.3176673822,118.302655497,104.103015368,7.1929321397,2.0
26.7926103454,66.5644964123,38.8118738394,7.29356531789,2.0
32.8565311738,118.854262434,70.93514522,7.54835333638,2.0
34.9414240995,41.1425708616,47.5479330541,8.66469298731,2.0
16.8237721497,3.19674629353,111.635331416,7.54423345026,2.0
24.2586425104,115.182893956,36.7987828017,7.3903992851,2.0
44.6449325234,6.30333875719,102.223471158,7.49594515408,2.0
17.6496486766,97.5801998894,62.6064562538,7.47918931204,2.0
18.2538943742,87.1203861324,21.1153552112,7.76199110416,2.0
35.0593596262,123.433158874,121.74669295,7.70549268772,2.0
17.2062172552,18.5239321984,118.22945125,7.20194295112,2.0
19.4890459433,121.982250726,24.0274856683,7.8173503277,2.0
16.6953389048,6.79084725252,40.8740135171,8.21966141172,2.0
20.7421007707,10.7982018714,54.6376858224,7.73142215664,2.0
29.9271840143,76.5447072667,23.0977594859,7.37349031871,2.0
20.2526679803,30.0981237637,119.534189034,7.54109257326,2.0
16.6426605982,75.9580339356,60.0851052774,7.6605077731,2.0
17.2380479261,8.06182034618,97.6427719781,7.5982768897,2.0
20.6281849384,4.49319568915,19.5154905763,6.73304084327,2.0
32.4368078677,62.1405839246,80.6955685574,7.11491957962,2.0
36.2235782969,89.1406600084,120.218774497,7.58328661535,2.0
30.2660325404,110.046434223,23.507471984,7.44795328291,2.0
7.00824936338,9.58395744377,20.9625688073,7.20738603016,2.0
24.6700331525,111.879523739,117.483007321,6.93075265515,2.0
30.1368809201,65.5554863963,53.4040459542,7.41087870948,2.0
36.1246471247,64.2515532538,93.8040867179,7.36743613493,2.0
25.3803844032,68.2394221571,110.282529735,7.36836628484,2.0
38.4037084722,19.2003591243,39.1071604868,7.62934664379,2.0
16.3269437349,110.586100974,50.597502109,7.8068125268,2.0
22.7084006271,83.276060887,111.674784692,7.34723999247,2.0
18.5661262575,101.744392136,80.5258849554,6.8997262441,2.0
37.6335081622,33.7074817705,64.5816664171,6.99452700205,2.0
38.2259300213,11.7033735185,118.08575794,7.53979410239,2.0
44.9525853589,109.641806954,71.9800771425,7.6334946314,2.0
31.0077654269,1.1299213992,48.4097628663,7.09648773159,2.0
50.0467151066,103.815344717,96.0881539508,7.54910469793,2.0
40.5740465533,117.351170226,90.3182976233,7.3818200988,2.0
36.0849457449,83.6208445035,10.6121295951,7.56585286262,2.0
38.6772933225,85.6088747916,62.3598843643,7.52452105463,2.0
48.899711506,47.1447688321,50.4119365544,7.72033061097,2.0
24.3594865732,44.3551670996,6.9572768377,7.58953220921,2.0
35.5764979588,49.6325049159,89.3288854907,7.44233469876,2.0
36.6413358501,32.8452077788,120.058032891,7.55027882648,2.0
37.6962446331,117.732707269,11.8955749164,7.50439469225,2.0
47.8138779436,91.7015622941,52.1245423664,7.85356879703,2.0
43.1896820176,37.5652617961,95.2278450639,7.72839121794,2.0
66.6728201483,106.394733328,92.930412187,7.40390331935,2.0
58.7869549079,63.3345536558,93.0129562334,7.25115421799,2.0
34.7758016587,15.5161621417,91.7237207234,7.3339095198,2.0
54.2956054485,13.6267730902,0.346005478243,8.2910416465,2.0
41.9338703891,125.798869922,26.8666131115,8.05407792827,2.0
31.0122344422,50.3882747476,123.035980687,7.17024443761,2.0
41.2741027728,1.4100639138,69.6822201978,7.95612183544,2.0
52.1477938417,120.645247109,17.1650481424,7.53204202545,2.0
46.0637782391,92.8576950569,86.7116921118,7.26005810034,2.0
59.463774934,66.045822713,119.752594678,7.12457998183,2.0
43.8257115672,80.3213060563,85.1873033974,7.21510605607,2.0
69.3536539268,46.552949173,55.4140581858,8.69359962353,2.0
24.0421043149,72.6282046638,8.90850458144,7.90591058421,2.0
55.0312866194,113.413431283,85.1398720453,7.40351683339,2.0
50.5403530442,64.6248750195,82.4292396559,7.2232210753,2.0
56.2279458255,52.8862583698,112.70137839,8.08379769615,2.0
37.5698971295,84.7142234252,43.5175865934,7.62850265061,2.0
33.1678237422,55.9943895684,16.8016440163,7.41882331891,2.0
42.8855082583,74.5237119558,33.8977827483,7.66806736735,2.0
44.2632755417,99.8497526457,30.505235328,7.79228806802,2.0
45.3191340461,24.3668564182,3.5348145163,7.60508968245,2.0
48.1165749695,65.5384864264,104.546469071,7.68141032565,2.0
43.8065097154,89.0284143744,106.618640458,7.62388098067,2.0
60.0619684014,90.1132958218,94.3315025173,7.43357190045,2.0
62.1337865882,125.079087054,118.173780925,7.70186477291,2.0
39.0592476053,72.3792252637,67.8040740271,7.3618410357,2.0
58.0509568581,73.5916234033,41.4592795306,7.60067301052,2.0
51.7515992627,63.350352936,66.8458275977,7.53445935777,2.0
61.9695296064,35.1747406143,107.228834981,8.33573257106,2.0
62.754343979,44.7859963622,19.7387945592,7.28614376283,2.0
55.7667038365,116.792213032,64.2816452202,7.59484377173,2.0
45.604989242,83.908018867,25.3457206145,7.78866308812,2.0
48.1335455751,52.0534081094,19.3306214293,7.673361182,2.0
65.1212873943,82.8708842651,72.4863105297,7.73995628342,2.0
48.7737062051,98.2721500097,115.408231009,7.68405596228,2.0
70.6993501177,26.807178155,117.970606778,7.81574986795,2.0
63.8627838189,32.8021566556,75.9519476734,7.39257099138,2.0
42.8751586595,39.2838063248,13.0759719474,7.56934595123,2.0
50.3152035766,11.4323499588,80.8329471867,7.48045452742,2.0
65.9997657091,84.6843695326,122.442550679,6.9942819951,2.0
45.7488206077,16.4961681917,69.0409024023,7.52961801536,2.0
47.5059720794,93.5997213211,13.805199539,7.77728285747,2.0
59.4902086779,22.1503486789,105.996714109,7.28614902836,2.0
61.7667577387,84.6324321182,107.854271905,7.39982951205,2.0
65.5330872225,31.121914886,92.0048269275,7.45477825943,2.0
61.5905608297,59.3846081247,37.4314413111,7.29482892241,2.0
61.1852335173,34.3371579268,12.7281657022,6.96787602029,2.0
55.7674391001,80.0785971065,12.8499534104,7.50924629527,2.0
63.7229622058,12.2145603852,42.3538309492,6.88581085514,2.0
73.4427882252,46.6425422652,108.077768196,7.91560006561,2.0
37.6406167689,57.6960023222,63.4797775872,6.74834476302,2.0
50.429685147,52.5467428197,125.835654371,7.60770868806,2.0
66.4012114177,4.92722788267,87.9071345741,8.15906991664,2.0
70.7560221558,123.637207005,17.2670069932,7.79290156535,2.0
66.4529092911,81.4766403315,24.2915815134,7.47149480901,2.0
65.2181468949,4.09739115937,61.8708342357,9.52802119448,2.0
41.8616266875,75.8995434485,113.610205932,7.54012669326,2.0
47.652506073,78.242643981,52.7732246419,7.49568387525,2.0
60.7312031249,15.3729023656,56.0053766061,6.73537698095,2.0
63.235297753,123.541626188,28.0282496946,7.20541055108,2.0
64.2337694791,109.598696924,117.334000979,7.39559833822,2.0
72.1720543822,101.972620085,63.9539627411,7.98434569232,2.0
76.4689189588,87.7956996428,92.952790469,7.75389622313,2.0
66.3904852225,91.5375981254,53.546469467,7.35965807092,2.0
58.3443119931,121.75633585,48.0761568949,7.72449894433,2.0
44.6394537827,65.2176526369,45.383921482,7.39904808667,2.0
74.9722121945,57.5787933941,68.9344102938,7.16607538063,2.0
90.54788451,22.8625264133,115.049958154,7.34157845923,2.0
65.5495461662,17.8314410057,68.8782130384,7.90749288477,2.0
82.2866488315,80.0041441389,74.5509994118,8.14067231373,2.0
43.857975972,66.5320006439,16.693417902,7.65598797681,2.0
73.8305622741,107.321010349,104.537791291,7.46760619706,2.0
60.4192488255,65.6784413069,9.78432493453,7.3073115671,2.0
49.4646809024,29.3510427422,20.3183967726,7.11926928557,2.0
59.1552993354,77.9651485673,90.1180057005,7.18244650712,2.0
81.5549703731,92.3287077592,42.5633097098,7.76880897972,2.0
74.9604027521,21.4016412149,100.671138909,7.75140797721,2.0
62.6900744261,10.1082988336,19.0646085383,7.57156083045,2.0
85.5207710137,79.869000118,88.6246138177,7.21461873582,2.0
66.4582642309,95.8147286531,39.2670808407,7.74256003176,2.0
77.1801129871,49.5189085421,28.231525411,8.20837102914,2.0
73.5450272524,124.081447914,38.81716037,8.05517137181,2.0
76.7223751093,7.75590389654,100.309949061,7.62785084948,2.0
78.2542621315,66.1407693177,31.5749630101,9.06941254075,2.0
74.8506704504,33.93005745,2.87804477205,9.44604764498,2.0
77.0684744014,6.71145526129,48.016313869,8.64254739621,2.0
62.5092233452,7.22731766826,106.605098058,7.64967141048,2.0
70.1162960848,99.682787497,4.27688895577,8.04551112323,2.0
69.4166552212,45.2859298826,87.0793866308,7.66478663197,2.0
63.0749964962,42.9046203709,126.180339154,7.48425209179,2.0
72.4187518859,26.4492240139,57.497347004,7.79983730598,2.0
78.6587854814,83.0111005583,14.2172008507,7.92419943703,2.0
74.231919499,63.5880676389,114.620597715,7.70773626551,2.0
76.9449462298,99.9613518692,25.5797914905,7.56622528071,2.0
71.4362423494,48.8021093903,8.1309688126,7.92709678101,2.0
79.6053707845,36.3753582073,34.1290948132,7.95607359787,2.0
64.2754800695,1.65328824198,8.28151473538,7.23452798025,2.0
80.4159865932,113.89340827,57.3002026248,7.91537784207,2.0
90.5509334147,45.7405578013,109.501991623,6.86090412902,2.0
65.3302786652,110.074892553,39.8212937629,7.39368626282,2.0
12.0471709023,41.4512695495,6.72560456596,5.8985845658,2.0
76.4514586921,72.7132988996,104.713401723,8.07759768485,2.0
63.7577043446,95.7075449131,17.6071274445,7.59956249328,2.0
75.1907376355,79.3075298949,57.0152809585,7.4456738138,2.0
91.1559634105,29.399415272,27.7553084628,6.20144507097,2.0
84.7946280069,91.6802747428,57.530801902,7.50529186783,2.0
81.084365184,125.138398856,102.629027416,8.46030422467,2.0
80.7499099635,81.3787256365,119.847606193,7.26488861518,2.0
87.3243785711,16.7316930937,53.4963105581,6.50700352985,2.0
81.4287615328,48.2788135599,70.9197186076,7.53629296087,2.0
84.0538533443,78.388260774,28.8398324482,7.43848509701,2.0
83.0937703485,9.84766067532,87.1629099283,7.92256694926,2.0
79.8648091783,117.491280645,72.2845214411,7.8918406429,2.0
90.96970859,69.411073556,54.9759806194,9.16208922915,2.0
78.4265712744,97.2982050533,115.162730839,7.79305018849,2.0
83.3169348014,51.3570461751,43.0331936753,8.68187195235,2.0
65.6604963759,110.531423521,23.0516424228,7.60327318918,2.0
72.9244620919,14.578984853,32.5017257709,7.7551285661,2.0
91.9622816415,83.7678002429,112.599976591,6.68265379066,2.0
83.9173278533,63.7583434064,69.0856512512,7.20623398308,2.0
91.148354363,41.4157063282,56.5562385026,7.19930664574,2.0
91.4388735284,61.6547572317,106.002270322,8.53524597515,2.0
86.0665522019,23.9732286489,87.3568068881,7.24862676963,2.0
78.8891091309,104.696594847,85.7431098655,7.74502452083,2.0
84.1759960748,96.2612644271,101.207408213,7.15164663239,2.0
82.176359255,5.36804443783,18.4702285525,7.80284307375,2.0
91.00312385,18.5240717988,101.128842244,7.02832082381,2.0
91.232581176,38.1041745111,75.9686569533,6.86380526055,2.0
84.5940957485,72.1492252036,41.7547178099,6.5303815271,2.0
89.4158015119,3.71943799401,108.720340507,7.58826679797,2.0
86.9653437784,32.2219902565,98.2797250669,7.3780008506,2.0
84.2467934626,111.165407546,12.3415836325,7.51339795605,2.0
91.5944811227,26.8565757103,42.560962718,6.37419863562,2.0
91.7806344522,106.167848145,37.8719993894,6.40494574471,2.0
91.921749478,106.595817332,22.4981432985,6.14399533463,2.0
91.5140390985,118.113841382,80.7142765648,6.54576078867,2.0
86.3167863304,119.184041442,31.3806057012,6.80243965999,2.0
92.2326390745,106.126174034,108.519607599,6.12557843924,2.0
86.9000498052,96.8928181051,15.2950883099,6.97364609965,2.0
91.5020950084,102.315359465,68.3525073884,8.70911464128,2.0
72.4729810375,74.6986959198,11.2256906038,7.22341022253,2.0
93.0671756517,102.65446943,95.7833688263,5.24534090729,2.0
92.2782137799,71.5697860168,19.9922343069,5.67241986725,2.0
83.9246155781,111.234277082,116.446891009,6.6082363206,2.0
93.2020360679,29.1888699725,65.2651266364,4.59260096513,2.0
0.668721756508,83.829279405,66.030327875,9.38051794441,2.0
3.31648605895,14.3761220105,30.6537960941,7.18161459907,2.0
3.79614277651,118.562992851,111.991156755,7.23411891853,2.0
3.8344132324,101.421087084,125.759654518,6.83301897141,2.0
3.60222455159,24.1199234756,58.5296286774,7.39541982138,2.0
1.90261302549,62.9378431389,122.83724746,7.14329112972,2.0
13.0308075342,81.7562116368,36.1496050596,7.76641160315,2.0
32.1780457116,31.1744557958,105.745854229,7.26299785609,2.0
15.5774173194,60.5822292551,9.10717662314,7.8336198027,2.0
37.0371499649,126.855691948,58.2253663632,8.18649119857,2.0
28.308808295,23.5402549982,50.2495721134,7.23860195117,2.0
38.6264264495,60.2842733741,32.1977580486,7.82705522313,2.0
38.9532499465,63.3617421548,121.939461044,7.68524565445,2.0
1.16213367874,70.7592712156,65.2497785825,6.11981333976,2.0
-4.82453497259,132.828350375,90.1921606651,11.1675493496,2.0
1.65466112641,113.254052814,87.8461043719,7.33139565109,2.0
1.64707554708,77.6701030985,124.324088342,7.28218329406,2.0
46.7431158205,63.5459382013,2.77236099219,7.29488974744,2.0
10.4330649247,22.3586889607,89.0922484193,7.30829201262,2.0
15.4206013198,57.3446471589,97.2768445707,7.64101287927,2.0
0.576044693786,80.472581867,82.3439274317,7.45385709726,2.0
39.8163499147,105.042621756,104.687711872,7.36871254466,2.0
39.0503451633,43.8747908795,26.8987278673,7.70932908302,2.0
59.5626977402,2.95491381179,37.257673576,7.39100783856,2.0
72.2670714049,56.5823939489,96.8258869672,7.80162315396,2.0
70.5306463671,124.560739617,62.1933895765,7.64990214382,2.0
39.78931639,49.5478880952,103.882968912,7.65058952741,2.0
44.3032821266,0.551842007999,28.2534204172,8.42444879493,2.0
53.5151565042,21.6349083404,42.526229307,7.39403202665,2.0
71.0806679069,124.184551024,89.9619540948,7.59071520054,2.0
50.4815403933,25.9358442899,88.2448589801,7.74983692305,2.0
47.9321792083,15.8500344608,27.3292653375,7.69599078704,2.0
86.7724561504,125.013894439,18.6097718524,7.66829640103,2.0
45.4165642944,107.892187564,13.8740921859,7.0689476313,2.0
48.1979540098,39.1254362543,40.27891533,7.54452377465,2.0
43.3992621278,6.81348352888,46.7649762078,8.35125193869,2.0
84.1623852234,5.31242029126,32.7365146757,8.26310963185,2.0
87.4218474764,113.038400654,96.230217095,6.98944272953,2.0
89.0711820016,93.4343084286,32.1965520881,6.82235887047,2.0
85.9518217663,104.226751098,0.575667406297,7.64765701782,2.0
44.605602127,122.885120185,103.898936561,7.37912618593,2.0
91.7651912828,48.7736151896,95.1385461576,7.03483910992,2.0
91.88694705,55.033932605,18.5746231184,6.38794016644,2.0
42.9796009393,-4.1031018369,88.6721991306,11.2714339893,2.0
92.4891431676,60.924801299,119.526032614,5.58242270075,2.0
85.842083456,10.3849804246,3.65323478893,7.18071998134,2.0
91.7587833016,115.983575879,50.0020043926,6.25541601512,2.0
63.8171294422,2.25204916613,50.0045501687,5.08165094289,2.0
74.2045502067,117.171445425,124.483003972,7.25884664757,2.0
4.39826587538,77.7475166501,6.73945184082,7.65053072882,2.0
-6.48613483631,35.5473480587,26.6077037547,10.5939630001,2.0
83.535524833,42.2966839036,119.135418853,7.38914049787,2.0
52.1288801712,118.201378809,125.187198603,7.0822388573,2.0
57.6540694867,127.65071445,81.2555546374,7.33827489912,2.0
0.412815500948,99.0341804798,97.3505709902,7.45299592488,2.0
46.9264483821,0.934874961518,117.233056579,7.9398834622,2.0
50.5442293332,26.7385422462,118.414433945,7.42925047766,2.0
3.7529403917,7.29556750013,78.6780812167,7.27817069612,2.0
5.31220084221,0.877768587574,122.375687451,7.61709163817,2.0
66.8764552997,1.71871590485,119.597666016,7.91858970083,2.0
92.6493647934,72.5638216593,7.33438160221,7.98571701211,2.0
51.770529558,37.5669300698,62.3493657562,7.47504198923,2.0
51.0300422468,40.5746923251,86.1645929057,7.08825129418,2.0
41.8872052575,52.6757468942,73.8733638833,7.16875940201,2.0
45.6077791531,29.7020810166,70.8470167621,6.51490538507,2.0
57.8919629818,15.4835686081,126.73887264,7.6166471984,2.0
90.797523505,0.160524191437,124.074742022,7.31921270016,2.0
91.1520668152,0.00478677924282,82.1907234797,6.55695308433,2.0
82.162566857,19.8267075996,126.353766071,7.87701526824,2.0
53.3739367185,44.6716641837,72.2320957623,7.42891655428,2.0
42.2846561616,40.2192453096,76.4384734644,7.92434811835,2.0
40.1803079224,45.6261675329,61.3769188545,7.84877229347,2.0
36.8696385019,109.257199752,48.2466826214,7.31162221392,2.0
92.7162601247,48.1220712419,4.5861987876,7.99086165153,2.0
40.7205304836,100.222255346,42.5638308886,6.96138181015,2.0
40.1310101178,111.209688447,35.5640981557,7.61105188331,2.0
21.842239093,81.4758769059,94.3718235229,6.9521949889,2.0
25.3039147988,91.7462172385,91.9545220579,7.1291061697,2.0
51.3439228302,88.8058673506,130.563408013,9.49692697781,2.0
48.9789010593,89.7897846973,72.3469734396,7.46878334989,2.0
58.4131056523,97.1697476897,69.6722637509,7.47565908238,2.0
77.9859277422,29.014412072,75.395587891,7.96889082299,2.0
88.6807315074,104.114867986,130.709562954,10.2045511037,2.0
85.2038123707,0.327184523446,-5.30153346961,10.8130410196,2.0
3.46975517544,134.958690064,31.1423354718,9.19064734787,2.0
73.1435197477,127.888614241,76.8838716293,7.45162419452,2.0
42.761547351,135.674937846,11.9936171804,10.7963197819,2.0
20.9788152887,136.421413627,49.892391492,11.3194821663,2.0
73.1412239296,17.1488889208,-4.61716288622,9.79610075099,2.0
0.203508911001,87.3081912721,101.273762194,7.27835319586,2.0
44.8239657725,130.886347324,89.9352902263,8.69940893239,2.0
90.4637154532,133.219620365,74.6998337242,9.21739478621,2.0
58.6104154345,112.823091991,0.101452400998,7.56285334999,2.0
-7.71314987403,84.9875314364,68.5426453125,8.8816560804,2.0
67.3711328547,-0.553762719759,-12.8332413801,11.1360366203,2.0
90.8221329025,29.2834768136,130.720196577,8.50578305583,2.0
51.185595581,66.5981953708,133.657011753,8.80800032617,2.0
34.987139341,35.052307773,0.07031266945,7.73737082229,2.0
16.9771224776,4.44076058047,-24.0529989484,23.9443795783,2.0
-2.42545630825,0.705988638463,0.199198352581,6.01890658208,2.0
20.399677479,18.4935986423,1.05499849901,7.25663905262,2.0
20.1961502433,1.18973222975,9.51945289868,6.66392495741,2.0
1.96646495459,96.0267279315,-1.92187158674,8.35053881888,2.0
28.2214190812,80.9279169038,131.327865304,8.37894244491,2.0
1.15240125693,72.9196872078,70.8125545756,2.23735607568,2.0
97.2331583576,8.90549170581,76.1085536037,2.99865435204,2.0
26.7639168953,-1.59336503195,74.2655080117,4.26683592,2.0
41.2417411215,-0.732990745011,16.5671224323,4.81774396429,2.0
24.7426735777,130.541218081,32.0871821581,4.95261242827,2.0
-3.87656706413,6.22649955389,23.5513842577,5.44877376973,2.0
-1.73868982033,31.8049297003,122.729578907,5.54616593529,2.0
4.41061371139,-3.60376731397,69.6878876914,5.91513912196,2.0
7.81718342729,-2.15205767183,30.7227703973,6.22153104724,2.0
-2.28487983927,6.90569268989,0.530710614416,5.97334824665,2.0
2.90318823435,12.8016074792,130.256754955,6.18621411681,2.0
59.6305115492,28.8025277892,129.60477704,6.28083802054,2.0
-2.5616935476,128.119144118,4.6186354156,6.28117035677,2.0
31.9841422214,119.849157127,-3.31355214205,6.65817013154,2.0
52.1857147524,-1.0263489884,-4.81848845805,5.93630834188,2.0
22.1114463281,131.121327054,98.1346641265,6.88187162326,2.0
-4.09909611638,101.795431411,110.399643577,6.8805320082,2.0
68.4935421979,-1.98181052966,24.8458402742,6.94029185265,2.0
69.0414778709,60.438749198,-1.27729843589,7.00240699617,2.0
13.0590851137,-2.36188920453,84.4113640049,7.03640337613,2.0
-1.50477083638,21.4473774924,75.6084601367,7.14053683739,2.0
11.4902704984,-0.683512931348,52.1640156977,7.14436516278,2.0
89.0461117759,55.0067308386,130.332702504,6.38712859532,2.0
-1.3786078511,70.1310287028,26.6188798911,7.35454115497,2.0
-0.548910153291,46.222009654,93.0252091366,7.38891429902,2.0
45.928290342,104.911552928,129.272333977,7.44795931585,2.0
-2.35085187908,104.211755303,20.2461892638,7.447852465,2.0
-1.13858242525,25.2956622931,38.8644103559,7.4757230922,2.0
-0.219250707381,75.1685458209,40.9651921307,7.49027271096,2.0
36.9562817182,0.455751842461,-10.7003433283,12.4455438064,2.0
30.9305534022,86.987709145,-23.999,21.9956746318,2.0
33.7949489656,67.5779495999,-2.17375120621,7.53648569298,2.0
17.1569825806,78.8939405258,-5.37297359314,7.43720569662,2.0
-0.455430720061,42.0282781078,123.145489788,7.66988126355,2.0
66.7119635023,80.7406836909,-1.35512396699,7.70761124369,2.0
79.0113864995,132.316471016,121.802510342,7.69136495252,2.0
34.4087829677,105.395550829,-1.81470388042,7.84961644003,2.0
55.3960535891,129.954632795,61.367266332,7.77641191639,2.0
11.9282713203,130.565474226,86.295483342,7.80222319679,2.0
-2.36639115675,71.0311805469,54.8351874849,7.80813642257,2.0
68.1101940303,70.8666583653,129.127843267,7.82602157044,2.0
-0.488329571398,5.22967228879,52.1240229702,7.83354971683,2.0
78.0736630806,87.6526587529,-0.312342573152,7.91994297162,2.0
-4.33006038182,85.4861758106,57.1493676181,7.96017370227,2.0
-5.17301159733,37.84549709,59.2083245117,7.95784958607,2.0
24.0645453341,55.1018075179,-4.95924419316,8.05259764736,2.0
0.896328330126,110.350699166,-4.49979516924,8.2281882369,2.0
-6.82205884451,37.6511362942,93.1599299201,8.30262833965,2.0
48.6238814201,87.2859231759,-1.2345485583,8.31365497006,2.0
18.0881170245,30.9341718284,-3.5515755993,8.56053612137,2.0
51.8679437889,-2.24181829384,-14.0910837859,7.20275817538,2.0
15.2920334081,83.7061605375,79.6688725561,7.40174445225,3.0
0.167722771169,60.8868988458,99.981170439,7.30164208298,3.0
5.42714413001,117.427086873,8.85882073481,7.51321362095,3.0
0.0360660583413,30.3861389555,93.9999990288,7.40959019453,3.0
13.6533922817,87.2575755425,6.38663116455,7.56838209286,3.0
5.61572735592,39.5883804141,74.3847178067,7.16778185057,3.0
1.5881515669,53.0587404411,5.79196492803,7.47329386115,3.0
12.1401203234,78.72234611,100.602106405,7.39681995203,3.0
18.4654050482,97.9988508477,117.698302977,9.63460181112,3.0
9.97941288052,28.3698090179,21.1937848791,9.83500593185,3.0
8.45634843121,111.096206188,70.7942508167,7.3339497215,3.0
12.0722343618,27.3794058681,70.8583548968,7.4317747405,3.0
16.6600614357,9.27820685717,77.665104604,7.71814788179,3.0
32.0554939856,10.4465666452,78.2262736475,7.44581867266,3.0
3.06284152003,29.4149144563,110.770628455,7.35945899695,3.0
10.8944886792,96.2582770592,47.5364166031,7.65940445652,3.0
12.2231160017,64.2992346,33.7485608669,7.79774452355,3.0
10.0925530966,101.237693966,11.3485436763,7.83848824336,3.0
25.186180381,50.6703600192,106.060173929,7.25636736308,3.0
13.2714324941,41.4948000732,110.735300831,7.7864162815,3.0
7.15598544539,121.546921582,39.5168636734,6.76920881084,3.0
22.9430417625,21.1297976826,79.6450880603,7.26452090498,3.0
9.65220565634,123.490124712,49.1912574649,6.75054341043,3.0
11.0407014212,33.5553248078,37.5771788291,7.56633462319,3.0
22.9903406084,112.4465154,3.95772675465,7.57450246776,3.0
9.62483056321,96.6049764945,34.0899158614,7.45150785619,3.0
4.66699277443,53.7552434629,112.780218175,7.32889929631,3.0
8.50527630993,15.8177190003,107.060091868,7.4311417974,3.0
19.1314312601,67.1665948045,71.8062752338,7.58251811575,3.0
22.3235165441,64.0568279201,123.429341184,7.29370139234,3.0
10.2788425331,61.4044935928,61.5471722929,7.41760383076,3.0
6.33699899602,59.9809094232,47.5036847051,7.24524762789,3.0
8.41276544699,111.591586079,32.3908129763,7.48852944369,3.0
17.4539973969,66.6204589496,86.4169359792,7.45655803762,3.0
31.6304822273,18.2166371383,25.7247979813,7.27365392443,3.0
23.5295237857,45.5222273256,30.9698225477,7.64698727384,3.0
24.1413327363,100.548520384,41.0201820313,7.53247258591,3.0
16.6748631376,116.339382652,83.3033246957,7.39754323254,3.0
16.6316158287,33.322114678,56.9479959423,8.0228036453,3.0
15.9133791763,29.5471047146,101.799665394,7.6581007659,3.0
13.0533521007,21.3443652844,46.9179344725,7.63533451763,3.0
16.5222893771,101.554400068,100.193545662,7.57284771869,3.0
22.3508078308,108.368904911,63.8053098246,7.56319506671,3.0
17.2881933789,48.7410906533,57.8484471969,7.94395822029,3.0
1.05968538533,90.9710675565,115.565323465,7.47097506288,3.0
32.0000398123,5.60098516507,100.496755764,7.07569945802,3.0
15.9801524888,52.5841429865,20.1526849165,7.8187203619,3.0
14.9433870323,71.5295789772,46.4712621231,7.60155684227,3.0
14.8901291225,124.909622324,70.8181652296,8.03561495158,3.0
25.8104117116,118.37486939,103.686849017,7.15813750572,3.0
26.5705067477,66.3552014665,38.0901848114,7.27727374534,3.0
32.626966623,118.681485563,70.2954237767,7.52478676152,3.0
34.586073169,40.8429617129,47.0513466623,8.67500988601,3.0
16.3373357848,3.16579439214,111.135359111,7.4910195345,3.0
24.0521519912,115.078786276,36.2485833766,7.37683207602,3.0
44.372231814,6.14256263931,101.942585345,7.44490768836,3.0
17.3190954084,97.3395501308,62.0214711384,7.43267894376,3.0
17.959807951,86.600466931,21.1660500513,7.78299103148,3.0
35.1709458899,123.282309791,121.434895424,7.74498013469,3.0
16.8508400135,18.5826572815,117.73830062,7.24919407132,3.0
19.2503035993,121.812447016,23.4999800722,7.78668214692,3.0
16.557637036,6.74645939674,41.4512227768,8.21849826733,3.0
20.7309677764,10.2905940827,55.3428289838,7.75233092576,3.0
29.7351262095,76.1949383435,22.908696327,7.37325109994,3.0
19.5732433246,30.2716865741,118.799137342,7.46851142817,3.0
16.5601313332,75.9845167029,59.2926387065,7.65521335672,3.0
17.0374216012,7.7391802662,97.0983857282,7.58854594743,3.0
19.4794094721,2.67705366273,17.6984322576,8.38555844939,3.0
32.1004259624,62.183335516,80.0533517785,7.09051769224,3.0
36.1365315926,89.0838924266,119.41247717,7.53878508942,3.0
29.9321235252,109.842995577,22.9038156599,7.47378756262,3.0
7.18381334292,10.0343194753,20.7827956376,7.13819229016,3.0
23.9789313425,112.193927107,117.148385378,6.96682948696,3.0
29.9634946671,65.3388668783,52.7025753882,7.43048371447,3.0
35.8525367414,64.3394697771,93.1399693585,7.36972307405,3.0
25.1343070596,68.241955299,109.46855976,7.35666146247,3.0
37.8540908442,19.0580323304,39.7856224386,7.5859181643,3.0
16.2160877743,110.442854878,49.929463655,7.81255251487,3.0
22.643183079,83.3052746533,110.897649904,7.35062300921,3.0
18.2004177739,101.770279249,79.8260633124,6.90645133016,3.0
37.2478639183,33.5462016574,64.181223809,7.00313858798,3.0
36.5895721528,12.5736358722,119.112833553,7.50562475165,3.0
44.7149906751,109.530974944,71.7937041691,7.64210177675,3.0
30.8786404386,0.899076155177,48.622132578,7.01435113888,3.0
50.0408099725,103.371221108,95.4366691899,7.54826644592,3.0
40.6218013181,117.107787148,89.9062821872,7.36962620216,3.0
35.5412353984,83.1743268632,10.3021273492,7.54266586939,3.0
38.4833734633,85.3878430357,61.7573449787,7.48826001457,3.0
48.5848357275,46.8004109654,50.1863209989,7.70265888438,3.0
24.3199773916,43.7522997082,7.24128690091,7.6175278207,3.0
35.1742565171,49.7145536889,88.8110824867,7.41961348271,3.0
36.0196898799,32.9866420101,119.561505119,7.48513115521,3.0
37.3896015288,117.489038419,10.8509128708,7.48881487572,3.0
47.6401421684,91.4740607844,51.6153527091,7.89111436449,3.0
42.7090574847,37.600945944,94.9719314041,7.72277724614,3.0
66.7584624857,106.280958424,92.4505544065,7.40450887998,3.0
58.9164579422,63.1269307204,92.3976476708,7.26980560114,3.0
34.3045420697,14.9964891087,91.236650174,7.30612725338,3.0
54.3125897324,13.2331385816,0.948776089402,7.98662022361,3.0
41.7078575692,125.0908217,26.0928674116,8.01394608313,3.0
30.4321395646,50.5025862047,121.779518958,7.06295123737,3.0
40.5858727707,0.84657814545,69.7056838571,7.80121405966,3.0
51.8122144096,120.20553003,16.3318241673,7.52669717515,3.0
45.8242489548,92.3285419042,86.3025884321,7.22320817549,3.0
59.233419222,65.9078167397,118.902504544,7.15809948769,3.0
43.8928340534,79.759481895,84.8499889499,7.22345928772,3.0
68.4525372938,46.4409919912,54.9135008398,8.63864428379,3.0
23.5612725281,72.0992269083,9.00893952864,7.90878970053,3.0
55.0444754025,113.211175982,84.7200170856,7.41349672793,3.0
50.6134364985,64.4081907377,81.8765414663,7.23256709822,3.0
55.8782243397,52.846825756,111.646168772,8.07033404868,3.0
37.1984030508,84.501367995,43.0937598386,7.60504661523,3.0
33.0431611501,55.6025369486,16.8041380223,7.44220961825,3.0
42.4809194819,74.3406760464,33.4925508681,7.67916292819,3.0
43.9145196037,99.5233311993,29.9690685939,7.82260217322,3.0
45.3825705307,23.8342626806,3.92058396673,7.59868804888,3.0
47.9837935155,65.6577333235,103.739039778,7.68643298827,3.0
43.9149069031,88.9701276865,106.113155544,7.58921974887,3.0
59.9417182826,89.829545475,93.6363075727,7.43102564978,3.0
62.3869702237,124.771263419,118.165630316,7.71298095587,3.0
38.7894479866,72.2012259705,67.2261364191,7.35361014205,3.0
57.8183587764,73.3984529072,40.9328298419,7.63701159096,3.0
51.4405132739,63.0937134101,66.3880727023,7.58844656602,3.0
61.5816570674,35.097334022,107.362944968,8.35502574409,3.0
63.0562936333,44.8046325951,19.2994235952,7.31920827486,3.0
55.5438430561,116.676570313,64.0742407072,7.62362828885,3.0
45.0980897368,83.7548423787,24.9430741585,7.80725170341,3.0
48.2252841962,51.8854405733,19.2592785588,7.70061743786,3.0
64.9916912615,82.6421622795,72.0037093403,7.75255486645,3.0
48.8269549958,98.1591766948,114.971398864,7.70743187017,3.0
70.4473736056,26.7478110655,117.931249434,7.79100032241,3.0
63.4575316242,31.9739920627,75.8681220032,7.39002914153,3.0
43.0245730956,38.9242531876,13.298869753,7.61881100094,3.0
49.8677640591,11.2426619576,80.6551015325,7.48412457566,3.0
65.9390109332,84.4812709758,121.762479483,7.03408750352,3.0
45.1383600443,16.3470228155,68.9101677868,7.48985589966,3.0
46.9124114126,93.320851395,13.2643352663,7.79561055248,3.0
58.9243752837,22.0789440647,106.647925986,7.30738083523,3.0
61.6983588493,84.405251779,107.244817262,7.41575336209,3.0
64.8882499224,30.5849888232,92.1947975576,7.49987389743,3.0
61.2884977077,59.0401680739,37.0962587548,7.35338936643,3.0
61.4828871391,34.2486692593,12.4475258846,7.0395847561,3.0
55.2184448949,79.8986268032,12.6232950157,7.54904610089,3.0
63.4577237206,11.5486200075,41.7683079062,6.9232756543,3.0
73.1878844283,46.3982804112,107.67239969,7.90250546607,3.0
37.3398201854,57.5255844138,62.9047420656,6.75663799741,3.0
50.0225520248,52.5103913052,124.594365554,7.47688184267,3.0
65.9872409951,4.65760113144,87.315165014,8.11139924975,3.0
70.667737762,123.579782343,16.7266462603,7.82814953927,3.0
66.1872704569,81.3594331442,23.7704038132,7.51597930637,3.0
64.8637921951,3.78694969006,61.5707086558,9.33288984529,3.0
41.7326637039,75.8689938011,112.96588632,7.53643066519,3.0
47.3858193272,77.996756542,52.3080657905,7.51581172396,3.0
60.3108663448,14.7019989077,55.5662775457,6.83505451823,3.0
63.0689281841,123.436902881,27.5898421801,7.23714528632,3.0
64.3209066699,109.31935343,116.904538604,7.39394837378,3.0
72.0103322501,101.763608704,63.4994476595,7.94417792205,3.0
76.3930897138,87.662238359,92.428116871,7.7499597897,3.0
65.9505187326,91.3139376799,53.3160922079,7.380341412,3.0
58.1964292812,121.783767193,47.7984223595,7.79676083215,3.0
44.4815720438,65.0230727343,44.9133752291,7.42501296661,3.0
74.400025026,57.4018184512,68.4078701766,7.12318563327,3.0
90.5171813218,22.697999622,114.757477584,7.48443611023,3.0
65.111511853,17.3676312278,68.3285353599,7.87187502725,3.0
82.1911756708,79.6280731182,74.0924827825,8.15348682012,3.0
43.6882022009,66.2652595456,16.5856019236,7.69039343624,3.0
73.9157636827,107.219118248,104.020629756,7.41516108669,3.0
60.1847737513,65.5586624411,9.29799036491,7.36201934846,3.0
49.9030699906,29.0907392719,20.4622245284,7.12196917417,3.0
59.3967997352,77.6869439073,89.4374632331,7.16140229089,3.0
81.307386513,92.0221608091,42.2508000935,7.81612895624,3.0
74.4904552044,21.1700469949,99.8517179787,7.77917275639,3.0
62.2004435779,9.72977964479,18.7570176326,7.57180749852,3.0
85.602881812,79.7603687072,88.1233828779,7.21418204561,3.0
66.0746387073,95.5614925934,38.9865766808,7.75740355772,3.0
76.5898523103,49.3386401813,27.41471459,8.16198047692,3.0
73.282908855,124.001161686,38.4007137143,7.98673557517,3.0
76.0654389002,7.61552144464,99.5873408639,7.47327163017,3.0
77.7813058027,66.0001364798,31.1046125887,9.14702630917,3.0
74.940895615,33.9281899247,2.43818741252,9.36073884679,3.0
76.9562727304,6.16277400849,47.5512376037,8.627838962,3.0
61.6481878103,7.12093799338,105.59666885,7.57807850196,3.0
69.9827857917,99.5993992888,3.72458759674,7.99722622254,3.0
68.9920609501,44.4956183054,86.965644639,7.62123125431,3.0
62.8079806151,42.9068448915,124.961827893,7.36564298516,3.0
71.7372311444,25.9730020696,56.9584816595,7.76778632313,3.0
78.3506092338,82.8299475756,13.7921648594,7.90499513459,3.0
73.9278686559,63.3720295099,113.761904357,7.70003706904,3.0
76.6882772922,99.8321187825,25.3371173826,7.54462270998,3.0
71.2940886565,48.7116840219,7.49722131534,7.97654473743,3.0
78.9970890103,36.1221733162,33.3816712856,7.98721850651,3.0
63.9491229774,1.41022666043,8.03528512813,7.05045658772,3.0
80.2139493916,113.701971317,57.0239973449,7.91212208857,3.0
90.3493764733,45.5498728408,109.172607975,6.91879517563,3.0
65.0416530446,109.964555259,39.5390139691,7.39938391373,3.0
12.0338058494,40.693946527,7.48700619753,5.90547759167,3.0
76.3239933055,72.6633759249,103.976841817,8.05420989854,3.0
63.5163188212,95.6219689139,17.0686190227,7.62628820844,3.0
74.754216204,79.1436399495,56.5579765929,7.42990848347,3.0
90.905924111,29.1574342765,27.3933742026,6.15478470648,3.0
84.7471116576,91.4377702985,57.1337255349,7.56111133847,3.0
81.0092817356,124.858939363,102.184025742,8.31231357961,3.0
80.587098174,80.9206031773,119.129293974,7.24884517217,3.0
86.8571690551,16.4891226626,53.2463347107,6.61971779175,3.0
81.0250715134,48.0243500259,70.3908561437,7.57469642495,3.0
83.9861238449,78.2089499043,28.4579135954,7.50087941368,3.0
82.7657222595,9.54759754446,86.9805343011,7.96372736644,3.0
79.7394107651,117.290146852,72.0217148813,7.91040677904,3.0
90.7955971693,69.3318387455,54.2505706547,9.29128937158,3.0
78.4856331975,97.2136806852,114.732886553,7.80008754684,3.0
82.7999025737,51.0726220176,42.5868829239,8.99539786192,3.0
65.4578420787,110.392545067,22.6533414899,7.62688704472,3.0
72.5120356984,13.9282829305,31.9408952293,7.68861931481,3.0
91.9876801977,83.5554211628,112.414181255,6.75189301318,3.0
83.5021774939,63.4641190956,68.4934911551,7.36729244243,3.0
90.9612619178,41.2188624603,56.146901199,7.42623026984,3.0
91.1955855136,61.3026401559,105.609078308,8.45968216939,3.0
85.5606542667,23.8065676772,87.1881659272,7.31200615198,3.0
79.0643000976,104.598169068,85.2334994948,7.77147144774,3.0
84.2256126591,96.1245050067,100.754742868,7.16587689745,3.0
81.6338817471,5.04141326045,18.3634355418,7.74167417494,3.0
90.8857415033,18.2666614493,100.911248317,7.07022262948,3.0
91.2346955895,37.8873882549,75.4725850525,6.94534636286,3.0
84.2648238715,71.9883028239,41.1922987734,6.58546625816,3.0
87.4967758082,4.26656987705,108.038562375,7.33464894713,3.0
86.6847815772,32.0845416915,97.984024009,7.51581088574,3.0
83.9154571272,110.973657189,12.0178005743,7.48971111754,3.0
91.4462803619,26.5627339232,42.458710973,6.5478449683,3.0
91.6472878056,105.910180325,37.6614346289,6.50081490838,3.0
91.7115516728,106.387348618,22.1865077586,6.25747883292,3.0
91.4491369181,117.866548404,80.4522627993,6.59979098806,3.0
86.0673664664,119.05250515,31.2317647519,6.79050840614,3.0
92.2510901245,105.98964622,108.328552896,6.11413791705,3.0
86.3584156366,96.6582616898,15.11394016,6.98552274625,3.0
91.4013997988,102.084593838,68.0094085199,8.76165433389,3.0
72.1653197486,74.5942287672,10.5764572015,7.23773494219,3.0
93.0330460263,102.634105138,95.6435438804,5.18355133145,3.0
92.1136801888,71.4486947023,19.5249024792,5.92794866347,3.0
83.9123349226,111.018076842,116.157497524,6.61470857141,3.0
93.0001139782,28.7218296482,65.0612714125,4.87501582035,3.0
0.206293506832,83.7147633451,65.4699886289,9.55664041603,3.0
3.77883387974,14.1447940922,30.6302354826,7.15731572096,3.0
3.44198378815,117.372814134,111.754664832,7.43038098642,3.0
4.31905556203,102.444239783,126.214916102,6.87920451313,3.0
3.78789507673,23.6972592141,59.0104812567,7.39362028893,3.0
1.57962942614,62.9278652125,122.368983134,7.17430970372,3.0
12.8726057984,81.6129305509,35.4758533672,7.78052662696,3.0
31.7601294412,31.135024149,105.196917685,7.22270747501,3.0
15.2992409382,59.9638177921,9.46052457397,7.84454448824,3.0
36.8665671048,126.773768763,57.6487721313,8.134719195,3.0
28.2506972164,23.2195533748,51.2958582234,7.24104247765,3.0
38.4811748212,60.083733804,31.689071704,7.84512841822,3.0
38.5346359236,63.2672225753,121.032839466,7.66227102846,3.0
1.0081667147,70.7211295836,64.6247073982,6.01698315944,3.0
1.44115516386,77.7474830913,123.767028503,7.2651339393,3.0
46.3226940714,63.1412431811,2.60382766529,7.33030504655,3.0
34.9870103074,34.3831752737,0.260077240653,7.78821070074,3.0
10.1301023953,22.056310128,88.7227831626,7.27528711584,3.0
15.0371099903,57.6389115096,96.6309161735,7.64838724036,3.0
0.536493714876,80.4219662128,81.7981053099,7.42452288587,3.0
39.9331136184,104.924412073,104.165797066,7.37732267933,3.0
39.4532174499,43.7036759839,27.0919166947,7.78048886126,3.0
59.3577677151,2.20744312587,36.8237977663,7.36673297785,3.0
72.2210137692,56.1147462839,96.1973196538,7.84780620127,3.0
70.2008835924,124.454869668,61.9458151821,7.66380566743,3.0
39.3321450825,49.6709608275,103.385829317,7.66025076534,3.0
44.2649175717,0.349965592348,28.2434590737,8.34038931542,3.0
52.9387562035,20.792909784,42.0771188346,7.42863857682,3.0
70.9553789975,123.953425121,89.7035438363,7.52492169824,3.0
49.7304459921,25.8373682092,88.0905536147,7.75722340702,3.0
46.7709590008,16.0963855248,27.4450326924,7.62981859366,3.0
86.6928316501,124.848111656,18.3764598424,7.71567154032,3.0
44.9629536919,107.508672996,13.150035761,7.09853781181,3.0
47.9040046163,38.7626799642,40.0518353633,7.57339529443,3.0
43.263737271,6.61311942561,47.0714383394,8.37486445777,3.0
83.6880809389,4.78826822047,32.5018981072,8.16871373425,3.0
87.5535263678,112.877706348,95.8861233484,6.9255687353,3.0
88.548786153,93.2702114113,31.9822060155,6.82928835655,3.0
85.3838117848,103.939296552,0.306520039332,7.7370890481,3.0
44.6156384971,122.579762905,103.534612841,7.29908205842,3.0
91.6019926052,48.7410825226,94.8013465557,7.15807597072,3.0
91.6920286555,54.8924848304,18.2292471347,6.50677048484,3.0
42.8576675765,-4.47355327586,88.4939630083,11.2381679615,3.0
92.4035213422,60.6803768237,119.427627021,5.74436919189,3.0
85.3389511756,9.69888069878,3.3458424307,7.30035101681,3.0
91.6498975111,115.825674963,49.8632420979,6.36774371684,3.0
63.6540254241,2.0752139869,49.8439011787,5.1932339367,3.0
74.2092805018,117.010844395,124.177836406,7.2598785677,3.0
5.40493313968,77.9236338539,6.55651860509,7.68691154726,3.0
-6.68539739184,35.3037671789,27.6991513847,10.7936407933,3.0
83.6033579707,42.1219913382,118.90514009,7.37373315705,3.0
52.2119106209,117.782467628,125.023313259,7.07960308468,3.0
57.6974793108,127.543627445,80.97633748,7.32288293877,3.0
0.248745634756,98.9888880872,96.6381633011,7.50162549189,3.0
46.0039715491,2.75629680831,117.2856669,7.86913937082,3.0
49.9629125964,26.9393480011,118.852857118,7.46611212319,3.0
3.10795665747,6.41433043899,78.6614054285,7.21998420039,3.0
5.21804248484,0.875393022271,122.19454365,7.50236810924,3.0
65.7287588243,1.68653073155,118.433716672,7.68176014788,3.0
92.6292955073,72.2015552818,6.50296681412,8.21434645701,3.0
51.3762943256,37.2276143712,62.0088715435,7.45678825569,3.0
50.421076031,40.4981330175,85.8624160913,7.12495210267,3.0
41.4781398899,52.5439512873,73.4575829491,7.17256303541,3.0
45.0743330168,29.5965303099,70.6965957615,6.53293465123,3.0
59.2467017705,15.3653314248,125.204824625,7.56203687817,3.0
91.0289743364,0.227962266703,122.185978409,7.32580878759,3.0
82.3004590388,19.7882311503,125.777250431,7.69720693288,3.0
52.8490270575,44.3839133344,71.8665532394,7.50207903222,3.0
41.7495880178,40.1007793034,76.124697029,7.86886610708,3.0
39.8402530381,45.4132105281,60.9383306313,7.87388556455,3.0
36.7873545007,109.158139102,47.7209213637,7.2754755608,3.0
92.5578221019,47.979439321,3.83571683682,8.18863277811,3.0
40.4763515392,100.008935345,42.1064977719,6.9500494718,3.0
39.8418753704,110.934689899,34.9874908452,7.60247939579,3.0
21.6745192969,81.4981491843,93.6021410461,6.9908440905,3.0
25.0514469007,91.7738499384,91.1069017288,7.12859248428,3.0
51.3194338206,88.6133404569,130.101850448,9.41273536878,3.0
48.7568393024,89.4763567922,71.8935339253,7.51124291853,3.0
58.2653801128,96.9233487241,69.2442994188,7.51168205932,3.0
77.7606520455,28.5859843474,74.7053750556,7.94494161675,3.0
88.6627597877,103.845684613,130.056042678,9.8549367758,3.0
86.5857710733,0.462241571693,-6.34542488528,10.3132924818,3.0
39.4048072967,1.54664858745,-10.3904412811,11.9387486668,3.0
3.07416675694,137.352609877,30.8785449149,11.1074952992,3.0
73.0018646589,127.613619135,76.6932617061,7.37431486946,3.0
42.5230321981,135.882488316,11.3937177212,11.204366003,3.0
20.9572240678,136.339064446,49.3708235629,11.2874329881,3.0
73.0752775018,17.0505305922,-5.03200467685,9.78251755499,3.0
0.203599033811,87.3261276787,100.74506453,7.23179053165,3.0
10.9187812244,131.548078999,85.8148183855,8.56500697719,3.0
90.7109511156,29.7368177026,130.953605755,8.8502355307,3.0
47.9140466838,87.0566486914,-3.6521991092,9.10949637812,3.0
20.3944584628,1.19399065813,-3.56680205789,8.67565481989,3.0
44.8772843716,130.494745108,89.6275511631,8.56026018768,3.0
90.4403631232,132.786938518,74.4208063355,9.02096193305,3.0
50.0378546343,66.2615732879,133.03882787,8.94394220932,3.0
52.9119442088,-4.12163284055,-16.3120627995,11.6927285283,3.0
68.38713522,-0.68762404226,-11.7229586156,10.5623631956,3.0
5.15278881458,-11.7233734453,70.8969903222,11.5130866048,3.0
-7.36689556273,84.9548794943,68.3918226996,8.9575744363,3.0
1.16122756326,110.205424903,-5.04724093717,8.4610987088,3.0
34.4585734557,105.453665708,-4.33423090436,8.55376233914,3.0
28.0661058578,80.8744119059,130.729316568,8.43860954048,3.0
20.27834863,17.5201486142,-0.230555873465,8.45504688438,3.0
97.2344751475,9.03661572007,76.4491221495,2.95593202881,3.0
-1.00362241867,72.3339177988,69.9443940553,3.05026615774,3.0
41.609583441,-0.435493458974,16.6561261255,4.27337873817,3.0
6.86630024882,-1.88183185725,31.562231906,4.67033105291,3.0
-2.82773694761,3.06344059127,2.63978444035,4.88874000337,3.0
-1.24287891417,31.4320874891,122.45322769,5.05136813466,3.0
-3.29735590868,6.6918851644,22.8142649989,5.10042920442,3.0
24.7292060387,131.0389951,31.1617755752,5.41142695886,3.0
26.0728702036,28.1022104282,130.252029179,5.96358535871,3.0
38.2919746584,43.0918010296,129.959619824,6.04382723794,3.0
31.6766052689,120.120170184,-3.65982439448,6.27403066067,3.0
-1.75607089644,128.260770587,3.85530352141,6.30573770597,3.0
91.2173356074,-0.0681752862998,82.0375826386,6.4792201023,3.0
1.9517580816,12.5763578432,130.242549871,6.48945670863,3.0
60.2680125594,28.5716136692,129.607782093,6.62005112259,3.0
88.0654688904,54.5572559375,130.474897288,6.63300000502,3.0
67.8271949811,-2.11277500463,24.3825795634,6.64930907913,3.0
-3.93710267843,101.961325105,109.712221631,6.66178454093,3.0
21.8361414541,130.894280173,97.4274621168,6.6852555971,3.0
68.3627536859,60.3113255372,-1.54848827638,6.72023282195,3.0
-4.51098114639,35.9902077416,61.7406785622,6.82190008259,3.0
12.8341193321,-3.08678692532,84.0856825646,6.87787645193,3.0
-2.3855007205,21.1789310343,77.6210823122,6.89843542244,3.0
20.702365527,78.1837947721,-5.54193032805,6.92136717685,3.0
11.5433941329,-1.0322758031,52.6412555953,7.0668192199,3.0
-8.5497604613,119.162104191,102.778454926,7.20970194442,3.0
-1.29636012502,69.7502358693,26.265279042,7.2741835954,3.0
45.1194332618,104.87796268,128.878111735,7.37565769719,3.0
-2.13500479469,104.556095845,19.606352772,7.3781755944,3.0
-0.214695277463,115.128141535,87.8418480634,7.39010324912,3.0
-0.765071471673,24.5735130005,39.3012726456,7.4175806929,3.0
-0.293454909636,75.0673132741,40.4212240331,7.45787693692,3.0
-2.57142438569,6.63578270243,-9.46128529974,12.933771572,3.0
17.8197464254,85.1751512141,-23.1012874273,21.3801688318,3.0
58.2499700787,112.637786371,-0.431338429277,7.55872479403,3.0
66.5701968755,80.6260945246,-1.72682989595,7.56416045122,3.0
33.15190445,67.0617628859,-2.37860644149,7.60785553472,3.0
67.7243061513,70.4152880814,128.24554285,7.66524563039,3.0
-0.970434471019,45.9744580556,92.9956530452,7.69060213163,3.0
79.1261375151,132.311584962,121.637433074,7.74509588365,3.0
-0.32647234163,4.85673373404,53.1812309709,7.74948206425,3.0
-2.4862653896,71.0096823815,54.2638503498,7.79724249008,3.0
-0.11889851287,41.7307858852,122.814903492,7.83228959845,3.0
77.7627822384,87.5940127289,-0.521276146406,7.83571940123,3.0
2.39837641532,96.3414241479,-1.61103187892,7.84204067957,3.0
17.8128379466,30.7313212076,-2.17761835686,7.95192882378,3.0
55.0631080943,130.175975963,61.3006617367,7.99789668835,3.0
-6.6720858608,42.5895336066,93.4212878756,8.08841006314,3.0
23.5443613731,54.3989572344,-4.92913066224,8.0971236351,3.0
-4.57541081347,85.3975005977,56.8806403522,8.16141414244,3.0
