z,y,x,frame,xum,yum,zum,particle
2.6609135037,41.4462296219,96.1449636989,0.0,12.2104103898,5.26367116198,0.319309620444,0.0
2.68744264246,41.6224983091,96.1644575099,1.0,12.2128861038,5.28605728525,0.322493117095,0.0
2.72419064933,41.5270803588,96.2278290554,2.0,12.22093429,5.27393920556,0.32690287792,0.0
2.74057609415,41.4283538289,96.2431002165,3.0,12.2228737275,5.26140093627,0.328869131299,0.0
4.4700500715,124.572870431,43.5930254358,0.0,5.53631423034,15.8207545448,0.53640600858,1.0
4.40528195121,124.764116997,43.5141485524,1.0,5.52629686615,15.8450428586,0.528633834145,1.0
4.42523489132,124.74426779,43.6824834215,2.0,5.54767539453,15.8425220094,0.531028186958,1.0
4.50003881035,124.705131207,43.6772359691,3.0,5.54700896807,15.8375516633,0.540004657242,1.0
6.3301315609,53.4233506989,115.067319234,0.0,14.6135495428,6.78476553876,0.759615787308,2.0
6.30280755901,53.3748614086,115.133046804,1.0,14.6218969441,6.77860739889,0.756336907081,2.0
6.32844750461,53.4150747666,115.117967015,2.0,14.6199818109,6.78371449535,0.759413700554,2.0
6.34581277293,53.4179424951,115.166000804,3.0,14.6260821021,6.78407869688,0.761497532751,2.0
4.02757977006,52.2023028904,28.8216404635,0.0,3.66034833886,6.62969246708,0.483309572407,3.0
3.79640296336,52.1228566178,28.893798304,1.0,3.66951238461,6.61960279046,0.455568355604,3.0
3.80779693205,52.2106038459,28.9143458403,2.0,3.67212192172,6.63074668842,0.456935631846,3.0
3.94658525922,52.2482981661,28.9674506026,3.0,3.67886622653,6.63553386709,0.473590231107,3.0
7.58416974418,85.7374504129,111.604721687,0.0,14.1737996542,10.8886562024,0.910100369301,4.0
7.56496131576,85.8180396147,111.581680026,1.0,14.1708733633,10.8988910311,0.907795357891,4.0
7.54553783546,85.8564873656,111.656139491,2.0,14.1803297154,10.9037738954,0.905464540255,4.0
7.52724092576,85.8218073052,111.643066417,3.0,14.178669435,10.8993695278,0.903268911092,4.0
3.75960688853,30.7550112601,79.8915888085,0.0,10.1462317787,3.90588643003,0.451152826624,5.0
3.77874061678,30.7666438837,79.9022140908,1.0,10.1475811895,3.90736377322,0.453448874014,5.0
3.83371037571,30.704528815,79.9662152838,2.0,10.155709341,3.89947515951,0.460045245085,5.0
3.78512877272,30.6514927073,79.9910777948,3.0,10.1588668799,3.89273957383,0.454215452726,5.0
15.6309774445,121.20183475,113.40085478,0.0,14.4019085571,15.3926330132,1.87571729334,6.0
15.7859214606,121.125270494,113.354245842,1.0,14.3959892219,15.3829093527,1.89431057528,6.0
16.0094814177,121.001018296,113.378137213,2.0,14.399023426,15.3671293236,1.92113777012,6.0
16.0382864989,120.887404322,113.43688571,3.0,14.4064844852,15.3527003489,1.92459437986,6.0
15.0266430381,14.6344100984,38.8817242975,0.0,4.93797898579,1.85857008249,1.80319716458,7.0
15.013227528,14.7109741753,39.046483357,1.0,4.95890338634,1.86829372026,1.80158730336,7.0
15.0584213685,14.6716230671,39.0870410577,2.0,4.96405421433,1.86329612952,1.80701056422,7.0
14.9693330888,14.6110935268,39.0410152755,3.0,4.95820893999,1.8556088779,1.79631997066,7.0
4.35188827993,87.4460118265,97.0054550318,0.0,12.319692789,11.105643502,0.522226593592,8.0
4.37864084576,87.5008482023,97.0529951885,1.0,12.3257303889,11.1126077217,0.525436901491,8.0
4.41417960123,87.5566442596,97.1026455402,2.0,12.3320359836,11.119693821,0.529701552148,8.0
4.39660321144,87.4374069985,97.0855888412,3.0,12.3298697828,11.1045506888,0.527592385373,8.0
5.76015393076,94.446413519,23.2368444976,0.0,2.95107925119,11.9946945169,0.691218471692,9.0
5.74597341616,94.5709468402,23.3617477483,1.0,2.96694196404,12.0105102487,0.689516809939,9.0
5.89192067224,94.4564805788,23.36139336,2.0,2.96689695672,11.9959730335,0.707030480669,9.0
5.89083632741,94.46205967,23.3122659104,3.0,2.96065777062,11.9966815781,0.706900359289,9.0
2.44617802285,27.5735633699,1.88698929642,0.0,0.239647640645,3.50184254797,0.293541362742,10.0
2.52885035147,27.57508751,1.96581860028,1.0,0.249658962236,3.50203611377,0.303462042176,10.0
2.31552424634,27.5943048336,1.91416914658,2.0,0.243099481616,3.50447671386,0.277862909561,10.0
2.35844374023,27.5029035498,1.88395767913,3.0,0.239262625249,3.49286875083,0.283013248827,10.0
11.6757685929,92.9110290182,40.9973970062,0.0,5.20666941978,11.7997006853,1.40109223115,11.0
11.6502390555,92.9833979809,41.0070000907,1.0,5.20788901152,11.8088915436,1.39802868666,11.0
11.5808760577,93.0366640173,41.0372948195,2.0,5.21173644208,11.8156563302,1.38970512692,11.0
11.4900565288,92.9598633343,41.083780067,3.0,5.21764006851,11.8059026435,1.37880678346,11.0
9.38239665546,63.5644430454,69.3978662249,0.0,8.81352901056,8.07268426677,1.12588759865,12.0
9.37564077609,63.623546984,69.4353424874,1.0,8.8182884959,8.08019046697,1.12507689313,12.0
9.32089579372,63.698816904,69.4666056685,2.0,8.8222589199,8.08974974681,1.11850749525,12.0
9.26864133307,63.6358834866,69.3978671355,3.0,8.8135291262,8.0817572028,1.11223695997,12.0
14.9428808917,100.778837649,121.217414105,0.0,15.3946115913,12.7989123815,1.793145707,13.0
14.8348380923,100.732767739,121.288174979,1.0,15.4035982224,12.7930615028,1.78018057107,13.0
14.7842696704,100.735410986,121.349608241,2.0,15.4114002466,12.7933971952,1.77411236045,13.0
14.7698184379,100.712658036,121.448604225,3.0,15.4239727365,12.7905075706,1.77237821255,13.0
4.40630635185,122.181809068,67.8782891439,0.0,8.62054272128,15.5170897516,0.528756762222,14.0
4.43478427269,122.077870112,67.9706870657,1.0,8.63227725735,15.5038895042,0.532174112723,14.0
4.3798406501,122.153827481,67.9776050132,2.0,8.63315583668,15.5135360901,0.525580878012,14.0
4.59768370833,122.036135421,67.9166180786,3.0,8.62541049598,15.4985891984,0.551722045,14.0
3.6259805295,54.402918948,15.2040233826,0.0,1.93091096959,6.90917070639,0.43511766354,15.0
3.55108943955,54.4470749354,15.3028098372,1.0,1.94345684933,6.9147785168,0.426130732745,15.0
3.32661043658,54.4609537264,15.288767379,2.0,1.94167345713,6.91654112325,0.399193252389,15.0
3.48877321404,54.3407423167,15.2787737715,3.0,1.94040426898,6.90127427422,0.418652785685,15.0
9.94048113065,17.2072589649,77.1192345691,0.0,9.79414279028,2.18532188854,1.19285773568,16.0
9.91793892681,17.2034281881,77.1913563329,1.0,9.80330225428,2.18483537988,1.19015267122,16.0
9.91963423683,17.2391772191,77.1832662027,2.0,9.80227480775,2.18937550683,1.19035610842,16.0
9.89399023035,17.1756970198,77.1861140473,3.0,9.80263648401,2.18131352151,1.18727882764,16.0
15.3123746188,7.96783743766,118.187849952,0.0,15.0098569439,1.01191535458,1.83748495426,17.0
15.2902483601,8.02081852524,118.282278614,1.0,15.0218493839,1.01864395271,1.83482980321,17.0
15.3884832488,8.03932233718,118.421896499,2.0,15.0395808553,1.02099393682,1.84661798986,17.0
15.2521128146,7.92953958498,118.410985882,3.0,15.038195207,1.00705152729,1.83025353775,17.0
4.19130449972,77.7787871071,57.7320199201,0.0,7.33196652985,9.87790596261,0.502956539967,18.0
4.16301710912,77.8043006598,57.6959036497,1.0,7.32737976351,9.88114618379,0.499562053094,18.0
3.98251119758,77.8178433351,57.7408272392,2.0,7.33308505938,9.88286610356,0.477901343709,18.0
3.96652588219,77.662023768,57.7509297231,3.0,7.33436807484,9.86307701854,0.475983105863,18.0
4.95649200356,28.260266025,27.838590157,0.0,3.53550094994,3.58905378518,0.594779040427,19.0
5.09743508303,28.3338506326,27.8977124482,1.0,3.54300948092,3.59839903034,0.611692209964,19.0
4.93730172653,28.3245551295,27.8960424562,2.0,3.54279739194,3.59721850144,0.592476207183,19.0
4.88395735793,28.2436741734,27.8939903463,3.0,3.54253677398,3.58694662002,0.586074882952,19.0
14.9530548997,15.1224187174,103.402974755,0.0,13.1321777938,1.92054717712,1.79436658796,20.0
14.8613647105,15.1045241181,103.474512933,1.0,13.1412631425,1.918274563,1.78336376527,20.0
14.9223178488,15.1139160697,103.47849818,2.0,13.1417692689,1.91946734085,1.79067814186,20.0
14.9191911211,15.01648172,103.447479679,3.0,13.1378299192,1.90709317844,1.79030293453,20.0
12.4247251934,10.4037321533,90.4759769758,0.0,11.4904490759,1.32127398347,1.49096702321,21.0
12.341190854,10.4487675044,90.5066164987,1.0,11.4943402953,1.32699347306,1.48094290248,21.0
12.4360337784,10.4624147222,90.479539869,2.0,11.4909015634,1.32872666972,1.49232405341,21.0
12.3975161004,10.3736470643,90.485657541,3.0,11.4916785077,1.31745317717,1.48770193205,21.0
15.5873436892,79.6845713771,122.004366092,0.0,15.4945544937,10.1199405649,1.8704812427,22.0
15.4618401445,79.7499440504,122.078505791,1.0,15.5039702355,10.1282428944,1.85542081734,22.0
15.5069171505,79.81221984,122.092942447,2.0,15.5058036907,10.1361519197,1.86083005806,22.0
15.5551476268,79.7497571791,122.061982614,3.0,15.5018717919,10.1282191617,1.86661771522,22.0
11.2003003926,38.312131337,59.2533681521,0.0,7.52517775532,4.8656406798,1.34403604711,23.0
11.0849794757,38.3119310205,59.4036178166,1.0,7.5442594627,4.86561523961,1.33019753708,23.0
11.2348949332,38.4293070871,59.2940881679,2.0,7.53034919732,4.88052200007,1.34818739198,23.0
11.0352768673,38.2680063075,59.294890041,3.0,7.53045103521,4.86003680106,1.32423322408,23.0
30.0760040421,78.9035441491,78.2142448777,0.0,9.93320909947,10.0207501069,3.60912048506,24.0
30.2202491256,78.9564400516,78.2548190338,1.0,9.93836201729,10.0274678866,3.62642989508,24.0
30.1219562982,78.9286956252,78.3019816361,2.0,9.94435166779,10.0239443444,3.61463475579,24.0
30.0885635003,78.8481132826,78.2776644589,3.0,9.94126338629,10.0137103869,3.61062762004,24.0
25.673594191,27.4439111481,115.463478845,0.0,14.6638618134,3.48537671581,3.08083130292,25.0
25.828712551,27.585286659,115.365091419,1.0,14.6513666102,3.5033314057,3.09944550612,25.0
25.8995210756,27.4929263251,115.528223086,2.0,14.6720843319,3.49160164329,3.10794252907,25.0
25.7121825467,27.4738117122,115.430797069,3.0,14.6597112278,3.48917408745,3.08546190561,25.0
4.92981039836,57.5119411799,50.2674329741,0.0,6.38396398771,7.30401652985,0.591577247803,26.0
4.95626787007,57.5386856065,50.3313630259,1.0,6.39208310428,7.30741307203,0.594752144408,26.0
4.94450357651,57.5622389698,50.3397281462,2.0,6.39314547456,7.31040434916,0.593340429182,26.0
4.86691103899,57.5500351801,50.3638164333,3.0,6.39620468703,7.30885446787,0.584029324679,26.0
8.50392753886,92.3203270525,57.7707865658,0.0,7.33688989385,11.7246815357,1.02047130466,27.0
8.4485411592,92.3149011711,57.7925085379,1.0,7.33964858431,11.7239924487,1.0138249391,27.0
8.42581977057,92.3564733595,57.8456139713,2.0,7.34639297435,11.7292721167,1.01109837247,27.0
8.48428896138,92.3072672059,57.8448603369,3.0,7.34629726279,11.7230229352,1.01811467537,27.0
25.8825462477,13.8468033382,77.1898585796,0.0,9.80311203961,1.75854402395,3.10590554972,28.0
25.8977305965,13.8618006999,77.3091123108,1.0,9.81825726347,1.76044868889,3.10772767158,28.0
25.8642468745,13.8721396721,77.3082049037,2.0,9.81814202277,1.76176173836,3.10370962494,28.0
25.8765141975,13.7588348537,77.2352248374,3.0,9.80887355435,1.74737202642,3.1051817037,28.0
23.5369750004,34.2188601938,106.21638442,0.0,13.4894808213,4.34579524461,2.82443700005,29.0
23.5672777047,34.3371833003,106.295628426,1.0,13.4995448101,4.36082227914,2.82807332457,29.0
23.5187456,34.2695487654,106.311165621,2.0,13.5015180339,4.35223269321,2.82224947201,29.0
23.5609536322,34.2909057096,106.336888889,3.0,13.5047848889,4.35494502512,2.82731443586,29.0
3.27280168374,33.4923775342,14.7808828924,0.0,1.87717212733,4.25353194684,0.392736202049,30.0
3.20939517214,33.6115381798,14.9278267002,1.0,1.89583399093,4.26866534883,0.385127420657,30.0
3.23189689518,33.6420457917,14.8920878607,2.0,1.89129515831,4.27253981555,0.387827627422,30.0
3.09810766611,33.543595768,14.8917325314,3.0,1.89125003148,4.26003666254,0.371772919933,30.0
35.7422939605,2.96351579872,64.1498616422,0.0,8.14703242855,0.376366506437,4.28907527526,31.0
35.6662820141,3.07023146116,64.0804582241,1.0,8.13821819446,0.389919395567,4.2799538417,31.0
35.6769840037,3.02174197132,64.0329728235,2.0,8.13218754859,0.383761230358,4.28123808045,31.0
35.6046824819,2.95021710083,64.2096786347,3.0,8.15462918661,0.374677571805,4.27256189783,31.0
14.516401504,45.1472665245,72.365571681,0.0,9.19042760348,5.73370284861,1.74196818048,32.0
14.5311112622,45.2106343239,72.4303709777,1.0,9.19865711417,5.74175055914,1.74373335146,32.0
14.55733972,45.1580968497,72.4557755558,2.0,9.20188349558,5.73507829992,1.7468807664,32.0
14.5655992052,45.1823558736,72.4108437532,3.0,9.19617715666,5.73815919595,1.74787190462,32.0
35.0741929657,116.685008401,81.2721154581,0.0,10.3215586632,14.8189960669,4.20890315589,33.0
34.734646048,116.678502805,81.327288266,1.0,10.3285656098,14.8181698563,4.16815752576,33.0
34.8507579506,116.734010517,81.3105062323,2.0,10.3264342915,14.8252193356,4.18209095408,33.0
34.713914261,116.753377505,81.36383632,3.0,10.3332072126,14.8276789431,4.16566971132,33.0
14.2076115627,61.0231393148,83.0148532812,0.0,10.5428863667,7.74993869298,1.70491338753,34.0
14.1792879865,61.0391143597,83.0267232657,1.0,10.5443938547,7.75196752368,1.70151455838,34.0
14.1859017507,61.0681718484,83.0205266766,2.0,10.5436068879,7.75565782474,1.70230821009,34.0
14.1757734419,60.9766954496,83.0780164771,3.0,10.5509080926,7.74404032209,1.70109281302,34.0
32.2942449,105.026956485,47.4228496931,0.0,6.02270191102,13.3384234737,3.875309388,35.0
32.4000144668,105.065982117,47.470959202,1.0,6.02881181866,13.3433797289,3.88800173602,35.0
32.3290387701,105.149342554,47.4786864776,2.0,6.02979318266,13.3539665044,3.87948465241,35.0
32.3369615132,105.047505899,47.4458856061,3.0,6.02562747197,13.3410332492,3.88043538159,35.0
15.1185259728,107.597785928,89.4748971803,0.0,11.3633119419,13.6649188128,1.81422311674,36.0
15.1535150906,107.466409228,89.5795247486,1.0,11.3765996431,13.648233972,1.81842181087,36.0
15.1820258191,107.598331905,89.5375849476,2.0,11.3712732883,13.6649881519,1.82184309829,36.0
15.2419628778,107.472859173,89.5735397836,3.0,11.3758395525,13.649053115,1.82903554534,36.0
15.6758468207,97.0070777876,100.546629952,0.0,12.7694220039,12.319898879,1.88110161848,37.0
15.5637687749,97.1137256218,100.634209441,1.0,12.780544599,12.333443154,1.86765225298,37.0
15.6417835683,97.2419330862,100.691938694,2.0,12.7878762142,12.3497255019,1.87701402819,37.0
15.5262193057,97.1337931295,100.733858096,3.0,12.7931999782,12.3359917275,1.86314631669,37.0
27.7218840906,115.141289656,3.17807891253,0.0,0.403616021892,14.6229437863,3.32662609087,38.0
27.7448278183,115.13425838,3.13459530623,1.0,0.398093603891,14.6220508143,3.3293793382,38.0
27.7619897,115.156831373,3.40016136691,2.0,0.431820493597,14.6249175844,3.33143876401,38.0
27.647970767,115.098235938,3.44413176961,3.0,0.437404734741,14.6174759641,3.31775649204,38.0
14.7291688205,93.3076146057,84.8792138946,0.0,10.7796601646,11.8500670549,1.76750025846,39.0
14.7482362216,93.2835233409,84.8708950725,1.0,10.7786036742,11.8470074643,1.76978834659,39.0
14.7217312622,93.3491014593,84.9247043009,2.0,10.7854374462,11.8553358853,1.76660775147,39.0
14.8227620467,93.2390083053,84.9075537677,3.0,10.7832593285,11.8413540548,1.7787314456,39.0
11.3284934324,64.3267015617,105.181061264,0.0,13.3579947805,8.16949109833,1.35941921189,40.0
11.2113883749,64.2202886957,105.26416192,1.0,13.3685485639,8.15597666435,1.34536660499,40.0
11.2989937853,64.334401997,105.33346894,2.0,13.3773505553,8.17046905362,1.35587925424,40.0
11.2147590796,64.3418243925,105.30838076,3.0,13.3741643566,8.17141169785,1.34577108955,40.0
13.498259873,73.6520413344,86.5871775789,0.0,10.9965715525,9.35380924947,1.61979118476,41.0
13.4362645398,73.6560132527,86.5933327706,1.0,10.9973532619,9.3543136831,1.61235174478,41.0
13.3420674431,73.6678096612,86.6180806834,2.0,11.0004962468,9.35581182698,1.60104809317,41.0
13.4325425609,73.5817380878,86.5895132488,3.0,10.9968681826,9.34488073716,1.61190510731,41.0
43.0151937659,35.0616128022,95.7966135588,0.0,12.166169922,4.45282482588,5.16182325191,42.0
42.8649622232,35.0843439709,95.7572399089,1.0,12.1611694684,4.45571168431,5.14379546679,42.0
42.855267526,35.0627952017,95.7999370334,2.0,12.1665920032,4.45297499062,5.14263210312,42.0
42.9013452589,35.0698827046,95.8168575268,3.0,12.1687409059,4.45387510349,5.14816143107,42.0
24.7968010504,119.155997601,126.563558435,0.0,16.0735719213,15.1328116954,2.97561612605,43.0
24.9659011145,119.126733553,126.655815556,1.0,16.0852885756,15.1290951612,2.99590813374,43.0
25.1468065422,119.030543871,126.64253459,2.0,16.0836018929,15.1168790716,3.01761678506,43.0
25.1721446348,118.998345258,126.735583251,3.0,16.0954190729,15.1127898478,3.02065735618,43.0
31.7956193085,79.8570057951,125.769381255,0.0,15.9727114193,10.141839736,3.81547431702,44.0
31.6395398175,79.7918563108,125.879910399,1.0,15.9867486207,10.1335657515,3.7967447781,44.0
31.8031442332,79.8080958757,125.77012114,2.0,15.9728053848,10.1356281762,3.81637730799,44.0
31.6959860383,79.8044112226,125.993701872,3.0,16.0012001378,10.1351602253,3.8035183246,44.0
22.8598159431,110.27263877,76.5044139593,0.0,9.71606057283,14.0046251238,2.74317791318,45.0
22.7432353894,110.21624375,76.5462031162,1.0,9.72136779576,13.9974629562,2.72918824673,45.0
22.8163949578,110.321915478,76.6372662255,2.0,9.73293281064,14.0108832656,2.73796739494,45.0
22.8739028084,110.316537932,76.5978194306,3.0,9.72792306768,14.0102003173,2.74486833701,45.0
15.2883022094,61.4164717683,8.5389036196,0.0,1.08444075969,7.79989191458,1.83459626513,46.0
15.2359616951,61.476696498,8.63261885302,1.0,1.09634259433,7.80754045524,1.82831540341,46.0
15.2134597023,61.5718157153,8.73440534618,2.0,1.10926947896,7.81962059584,1.82561516427,46.0
15.2189135067,61.380256138,8.68414943513,3.0,1.10288697826,7.79529252952,1.8262696208,46.0
27.3141404793,71.7404154373,100.408168539,0.0,12.7518374045,9.11103276054,3.27769685751,47.0
27.3359406714,71.8066575231,100.433750402,1.0,12.7550863011,9.11944550543,3.28031288057,47.0
27.3279616221,71.9300931755,100.543968254,2.0,12.7690839682,9.13512183329,3.27935539466,47.0
27.3169946805,71.8430472266,100.498796918,3.0,12.7633472086,9.12406699778,3.27803936166,47.0
39.2370656879,26.2411541916,107.892846439,0.0,13.7023914977,3.33262658234,4.70844788254,48.0
39.2686599697,26.1565211986,107.888005215,1.0,13.7017766623,3.32187819222,4.71223919637,48.0
39.1600474549,26.1959169287,107.913472843,2.0,13.705011051,3.32688144994,4.69920569459,48.0
39.1073683219,26.1277594087,107.960148384,3.0,13.7109388448,3.31822544491,4.69288419863,48.0
28.1690811622,36.3813117987,69.733472251,0.0,8.85615097587,4.62042659843,3.38028973946,49.0
28.0539390035,36.4424056594,69.7163299844,1.0,8.85397390802,4.62818551875,3.36647268042,49.0
28.2002377855,36.4559256463,69.8173604139,2.0,8.86680477257,4.62990255708,3.38402853426,49.0
28.1369928687,36.3702573134,69.7505726784,3.0,8.85832273016,4.61902267881,3.37643914424,49.0
47.5837386708,59.7082556735,2.88665491,0.0,0.36660517357,7.58294847053,5.7100486405,50.0
47.410005617,59.9483024982,2.83964940949,1.0,0.360635475006,7.61343441728,5.68920067404,50.0
47.3420234734,59.8378749102,3.1388775673,2.0,0.398637451048,7.59941011359,5.68104281681,50.0
47.4295064802,59.7059930772,2.81039930416,3.0,0.356920711628,7.5826611208,5.69154077762,50.0
26.8411061265,48.3163372943,97.3528807774,0.0,12.3638158587,6.13617483638,3.22093273518,51.0
26.8129281088,48.3580033931,97.3115208174,1.0,12.3585631438,6.14146643092,3.21755137305,51.0
26.798437861,48.3749271981,97.3738150227,2.0,12.3664745079,6.14361575416,3.21581254331,51.0
26.8145463268,48.3087568521,97.3639225887,3.0,12.3652181688,6.13521212022,3.21774555922,51.0
35.992716433,64.4916431424,3.91832225891,0.0,0.497626926881,8.19043867909,4.31912597197,52.0
35.8459470378,64.6196342289,3.8820102795,1.0,0.493015305497,8.20669354707,4.30151364454,52.0
35.9874668817,64.5736036122,3.82971425935,2.0,0.486373710937,8.20084765874,4.3184960258,52.0
36.0308238763,64.4769832569,3.94534792003,3.0,0.501059185843,8.18857687363,4.32369886515,52.0
17.2194301293,1.60966679062,32.7161373369,0.0,4.15494944179,0.204427682409,2.06633161552,53.0
17.1254752842,1.72239645029,32.8386518856,1.0,4.17050878947,0.218744349187,2.0550570341,53.0
17.2165219737,1.70757366004,32.8460472913,2.0,4.171448006,0.216861854826,2.06598263685,53.0
17.1795265048,1.63282460815,32.8170555224,3.0,4.16776605134,0.207368725235,2.06154318058,53.0
28.4808653766,95.6072713268,120.672782226,0.0,15.3254433426,12.1421234585,3.41770384519,54.0
28.2927155624,95.6336551232,120.690600251,1.0,15.3277062318,12.1454742006,3.39512586749,54.0
28.3251615507,95.6413497493,120.705172275,2.0,15.329556879,12.1464514182,3.39901938609,54.0
28.3580934016,95.6509584074,120.787300596,3.0,15.3399871756,12.1476717177,3.40297120819,54.0
40.1890513848,26.7195875216,123.154862801,0.0,15.6406675757,3.39338761524,4.82268616618,55.0
40.159996946,26.6844308999,123.163583441,1.0,15.641775097,3.38892272429,4.81919963352,55.0
40.1693419209,26.7045355139,123.236828576,2.0,15.6510772291,3.39147601027,4.82032103051,55.0
40.1148391119,26.7290557778,123.192638905,3.0,15.6454651409,3.39459008378,4.81378069343,55.0
12.4562868596,116.242102627,22.0572024971,0.0,2.80126471713,14.7627470336,1.49475442315,56.0
12.4508379851,116.345715089,22.2347205686,1.0,2.82380951222,14.7759058163,1.49410055821,56.0
12.4916849581,116.339904825,22.1408152952,2.0,2.8118835425,14.7751679128,1.49900219497,56.0
12.4147650866,116.220674562,22.1324325462,3.0,2.81081893336,14.7600256694,1.48977181039,56.0
33.334785984,76.2296134222,46.1833269049,0.0,5.86528251692,9.68116090462,4.00017431808,57.0
33.2486550135,76.241897352,46.1857461229,1.0,5.86558975761,9.6827209637,3.98983860162,57.0
33.268978764,76.3319496079,46.187651854,2.0,5.86583178546,9.6941576002,3.99227745168,57.0
33.2191020759,76.2837238159,46.2665558214,3.0,5.87585258931,9.68803292462,3.98629224911,57.0
15.7997381291,68.3749281134,22.0142302834,0.0,2.79580724599,8.68361587041,1.89596857549,58.0
15.7229819887,68.3950417498,21.9780868586,1.0,2.79121703104,8.68617030223,1.88675783864,58.0
15.7248195925,68.4223131003,22.0656744545,2.0,2.80234065572,8.68963376373,1.8869783511,58.0
15.7772397559,68.3505913578,22.0729016319,3.0,2.80325850725,8.68052510243,1.89326877071,58.0
32.7371166653,38.1743219129,83.8766906122,0.0,10.6523397077,4.84813888294,3.92845399984,59.0
32.7774637785,38.1345761463,83.8996288269,1.0,10.655252861,4.84309117058,3.93329565342,59.0
32.8216239285,38.1622914038,83.891559944,2.0,10.6542281129,4.84661100829,3.93859487142,59.0
32.7910245362,38.1713856058,83.9323024829,3.0,10.6594024153,4.84776597194,3.93492294434,59.0
41.483549537,111.659458348,35.9184469247,0.0,4.56164275943,14.1807512102,4.97802594444,60.0
41.4876936613,111.78975054,35.7965101148,1.0,4.54615678457,14.1972983185,4.97852323936,60.0
41.6204427144,111.642318138,35.8184385647,2.0,4.54894169771,14.1785744036,4.99445312573,60.0
41.5179044694,111.690892871,35.9622865005,3.0,4.56721038556,14.1847433946,4.98214853633,60.0
21.5948903744,66.1576512036,59.786402903,0.0,7.59287316868,8.40202170286,2.59138684493,61.0
21.5961568042,66.1583749967,59.7968581662,1.0,7.59420098711,8.40211362458,2.59153881651,61.0
21.4679785589,66.0675466113,59.802048924,2.0,7.59486021335,8.39057841964,2.57615742707,61.0
21.5156779408,66.1068978678,59.9062271486,3.0,7.60809084788,8.39557602921,2.58188135289,61.0
35.2945238191,60.2813202172,117.664325297,0.0,14.9433693127,7.65572766759,4.23534285829,62.0
35.3535386422,60.2953181195,117.796424776,1.0,14.9601459465,7.65750540117,4.24242463706,62.0
35.257255062,60.1276222138,117.739861008,2.0,14.952962348,7.63620802116,4.23087060744,62.0
35.3206878949,60.1599900426,117.821880443,3.0,14.9633788162,7.6403187354,4.23848254739,62.0
25.0110325304,72.7876611398,33.7029132577,0.0,4.28026998372,9.24403296475,3.00132390365,63.0
25.0599081024,72.7569040695,33.6715303888,1.0,4.27628435938,9.24012681683,3.00718897229,63.0
25.0944517853,72.8054538974,33.6803607111,2.0,4.2774058103,9.24629264497,3.01133421424,63.0
25.0853750951,72.6721172329,33.7291101423,3.0,4.28359698807,9.22935888858,3.01024501141,63.0
11.5185539052,104.429112311,12.2201946286,0.0,1.55196471783,13.2624972635,1.38222646862,64.0
11.5056720406,104.437788419,12.2574944028,1.0,1.55670178916,13.2635991292,1.38068064487,64.0
11.5773093476,104.497324498,12.2917682765,2.0,1.56105457112,13.2711602112,1.38927712171,64.0
11.485702329,104.424881356,12.2693616009,3.0,1.55820892331,13.2619599322,1.37828427948,64.0
41.6496331989,24.7818442442,55.2533275331,0.0,7.0171725967,3.14729421901,4.99795598387,65.0
41.8295811583,24.7809545754,55.323717886,1.0,7.02611217152,3.14718123107,5.019549739,65.0
41.5763697459,24.6807270887,55.4705305421,2.0,7.04475737885,3.13445234027,4.9891643695,65.0
41.4374121003,24.6295748967,55.4048904847,3.0,7.03642109156,3.12795601189,4.97248945204,65.0
30.3657375395,26.3286151032,24.8636935389,0.0,3.15768907944,3.34373411811,3.64388850474,66.0
30.4173358467,26.50832995,24.9268673608,1.0,3.16571215482,3.36655790364,3.65008030161,66.0
30.5036581439,26.6214232408,25.0182685901,2.0,3.17732011094,3.38092075158,3.66043897727,66.0
30.5300126001,26.5537067623,25.0336532964,3.0,3.17927396864,3.37232075882,3.66360151201,66.0
46.0462046815,23.1149166642,25.1580243337,0.0,3.19506909038,2.93559441635,5.52554456179,67.0
46.1017220594,23.2986675731,25.1121156094,1.0,3.18923868239,2.95893078179,5.53220664713,67.0
46.2607851319,23.3402123516,25.1456365135,2.0,3.19349583722,2.96420696866,5.55129421583,67.0
46.098865922,23.2326401396,25.1626373829,3.0,3.19565494762,2.95054529772,5.53186391063,67.0
12.9324875445,81.4657713799,30.8946518653,0.0,3.9236207869,10.3461529653,1.55189850534,68.0
12.850096052,81.5609795225,30.9606518701,1.0,3.9320027875,10.3582443994,1.54201152623,68.0
12.9001538708,81.5203225352,30.9774808934,2.0,3.93414007346,10.353080962,1.54801846449,68.0
12.8564359574,81.5089507064,31.053651052,3.0,3.9438136836,10.3516367397,1.54277231489,68.0
16.0399830834,112.799049562,52.0769979799,0.0,6.61377874344,14.3254792944,1.92479797001,69.0
16.0532754586,112.759069539,52.1710404104,1.0,6.62572213212,14.3204018314,1.92639305503,69.0
16.0418963816,112.857368945,52.1753157984,2.0,6.62626510639,14.332885856,1.92502756579,69.0
16.0221160104,112.783674066,52.2300546787,3.0,6.63321694419,14.3235266064,1.92265392125,69.0
33.4316845534,82.8062341262,24.078708424,0.0,3.05799596985,10.516391734,4.01180214641,70.0
33.5623589536,82.7607272329,24.1730211999,1.0,3.06997369239,10.5106123586,4.02748307443,70.0
33.3406847685,82.8077049206,24.2837955674,2.0,3.08404203706,10.5165785249,4.00088217222,70.0
33.3286827835,82.7302687218,24.0256435263,3.0,3.05125672784,10.5067441277,3.99944193401,70.0
26.9361946607,12.0122942752,53.8116140113,0.0,6.83407497944,1.52556137295,3.23234335928,71.0
27.0523247005,12.1534176107,53.738996615,1.0,6.82485257011,1.54348403655,3.24627896406,71.0
27.0505351152,12.1433948707,53.7679829522,2.0,6.82853383493,1.54221114858,3.24606421382,71.0
26.9397641205,11.8895547791,53.8061879964,3.0,6.83338587554,1.50997345694,3.23277169446,71.0
21.5247434192,80.4016161915,55.6926629405,0.0,7.07296819344,10.2110052563,2.5829692103,72.0
21.4711213157,80.4893910941,55.680807209,1.0,7.07146251554,10.2221526689,2.57653455789,72.0
21.4056193191,80.4424723201,55.683719692,2.0,7.07183240088,10.2161939847,2.56867431829,72.0
21.3750136563,80.4017293334,55.764315668,3.0,7.08206808984,10.2110196253,2.56500163875,72.0
32.2078220056,123.837491824,39.7086109248,0.0,5.04299358745,15.7273614617,3.86493864067,73.0
32.0020554322,123.658749475,39.8106244337,1.0,5.05594930308,15.7046611833,3.84024665186,73.0
32.218943694,123.81599708,39.6028055522,2.0,5.02955630513,15.7246316292,3.86627324328,73.0
32.2620030154,123.918465083,39.6523017292,3.0,5.03584231961,15.7376450656,3.87144036184,73.0
43.3093266484,15.5202252736,99.252115813,0.0,12.6050187083,1.97106860975,5.19711919781,74.0
43.1645744853,15.4535170142,99.1771694768,1.0,12.5955005236,1.9625966608,5.17974893823,74.0
43.2146412046,15.4397578225,99.1908479787,2.0,12.5972376933,1.96084924345,5.18575694456,74.0
43.267694323,15.4426035377,99.168136057,3.0,12.5943532792,1.96121064928,5.19212331876,74.0
36.2697381806,30.419371041,47.6001303584,0.0,6.04521655552,3.86326012221,4.35236858167,75.0
36.2872263153,30.4570512111,47.6039432715,1.0,6.04570079548,3.86804550381,4.35446715784,75.0
36.2337625594,30.3604805915,47.6571553675,2.0,6.05245873168,3.85578103512,4.34805150713,75.0
36.2374021036,30.4199855911,47.7322086761,3.0,6.06199050187,3.86333817007,4.34848825243,75.0
35.98597913,108.730305412,98.2677244403,0.0,12.4800010039,13.8087487874,4.31831749559,76.0
35.8719337141,108.711909309,98.3399013347,1.0,12.4891674695,13.8064124822,4.30463204569,76.0
35.9521185559,108.660551691,98.374594724,2.0,12.4935735299,13.7998900648,4.3142542267,76.0
35.9340248838,108.683225257,98.3664769319,3.0,12.4925425704,13.8027696077,4.31208298606,76.0
27.0317011424,95.320679456,57.5163894435,0.0,7.30458145933,12.1057262909,3.24380413709,77.0
27.0198738284,95.2551801508,57.5193072465,1.0,7.3049520203,12.0974078792,3.24238485941,77.0
27.0011104907,95.3958002922,57.5722365027,2.0,7.31167403584,12.1152666371,3.24013325889,77.0
27.0766990461,95.3801026453,57.5855834129,3.0,7.31336909344,12.113273036,3.24920388553,77.0
37.5892704843,101.509999265,84.3774696884,0.0,10.7159386504,12.8917699066,4.51071245811,78.0
37.4501695554,101.511056253,84.3760711777,1.0,10.7157610396,12.8919041442,4.49402034665,78.0
37.5913469243,101.575652155,84.3823196463,2.0,10.7165545951,12.9001078237,4.51096163092,78.0
37.5144090333,101.422570546,84.4601134077,3.0,10.7264344028,12.8806664594,4.50172908399,78.0
37.3714017964,71.4959450302,89.2415451145,0.0,11.3336762295,9.07998501883,4.48456821557,79.0
37.2965090808,71.4686555313,89.2612575407,1.0,11.3361797077,9.07651925248,4.47558108969,79.0
37.2731123873,71.4911413558,89.3479316785,2.0,11.3471873232,9.07937495219,4.47277348648,79.0
37.3104643667,71.4353639875,89.4025189394,3.0,11.3541199053,9.07229122641,4.477255724,79.0
27.4632159119,94.9610881394,29.9455779716,0.0,3.80308840239,12.0600581937,3.29558590943,80.0
27.473802219,94.9690760082,29.9009224557,1.0,3.79741715187,12.061072653,3.29685626628,80.0
27.2042097497,95.0785670077,30.0347050774,2.0,3.81440754483,12.07497801,3.26450516996,80.0
27.3418795809,94.8970522797,30.0023615771,3.0,3.81029992029,12.0519256395,3.28102554971,80.0
31.409193833,51.7030390691,71.7852941774,0.0,9.11673236053,6.56628596178,3.76910325996,81.0
31.4231256584,51.7048183174,71.7625961472,1.0,9.11384971069,6.56651192631,3.77077507901,81.0
31.4009150437,51.7766568355,71.8274351103,2.0,9.12208425901,6.57563541811,3.76810980525,81.0
31.4755459452,51.6930022211,71.7794437575,3.0,9.1159893572,6.56501128208,3.77706551342,81.0
37.701412366,23.4057766098,75.298149944,0.0,9.56286504289,2.97253362945,4.52416948392,82.0
37.7306260543,23.3914075045,75.2741798475,1.0,9.55982084063,2.97070875308,4.52767512651,82.0
37.6013730704,23.4350685217,75.3267794081,2.0,9.56650098482,2.97625370225,4.51216476845,82.0
37.6511047865,23.4334289031,75.3201331157,3.0,9.5656569057,2.9760454707,4.51813257437,82.0
27.8064745289,58.3445355725,47.9489780033,0.0,6.08952020641,7.40975601771,3.33677694346,83.0
27.7165032157,58.2941532382,47.9447235673,1.0,6.08897989305,7.40335746125,3.32598038588,83.0
27.7431398507,58.3594535857,47.9079955355,2.0,6.08431543301,7.41165060539,3.32917678208,83.0
27.6085069459,58.3342565083,47.8798292801,3.0,6.08073831857,7.40845057655,3.31302083351,83.0
43.4009561108,52.9027463999,80.0390257903,0.0,10.1649562754,6.71864879279,5.2081147333,84.0
43.4613950046,52.83113509,80.0251506599,1.0,10.1631941338,6.70955415642,5.21536740055,84.0
43.5039818811,52.9124122506,79.9580191366,2.0,10.1546684304,6.71987635582,5.22047782574,84.0
43.3012852734,52.8887563581,80.0441446958,3.0,10.1656063764,6.71687205747,5.19615423281,84.0
35.6328485228,57.8348649988,31.0867678937,0.0,3.9480195225,7.34502785485,4.27594182274,85.0
35.8624312899,57.9448330917,31.0840773998,1.0,3.94767782977,7.35899380264,4.30349175478,85.0
35.7393722565,57.9564356345,31.0035483782,2.0,3.93745064404,7.36046732559,4.28872467077,85.0
35.6474021046,57.8491847493,31.0888535673,3.0,3.94828440304,7.34684646316,4.27768825255,85.0
7.55731176057,5.89878949869,7.48056295452,0.0,0.950031495225,0.749146266333,0.906877411268,86.0
7.4990745356,5.8595351872,7.51457291789,1.0,0.954350760572,0.744160968774,0.899888944272,86.0
7.59030728309,5.77441308258,7.59926587562,2.0,0.965106766204,0.733350461488,0.910836873971,86.0
7.47147676144,5.74497858358,7.5469329029,3.0,0.958460478668,0.729612280115,0.896577211373,86.0
30.531099669,119.877397734,55.4168655016,0.0,7.03794191871,15.2244295123,3.66373196029,87.0
30.6819629982,119.727141033,55.0552049148,1.0,6.99201102418,15.2053469111,3.68183555979,87.0
30.7027507921,119.958619612,55.1705082305,2.0,7.00665454528,15.2347446908,3.68433009505,87.0
30.6405420197,119.93331314,55.2262652987,3.0,7.01373569293,15.2315307688,3.67686504236,87.0
27.2959910489,95.035363331,8.55422729794,0.0,1.08638686684,12.069491143,3.27551892587,88.0
27.4257229586,95.1081581868,8.72026096821,1.0,1.10747314296,12.0787360897,3.29108675504,88.0
27.4142859079,95.1683147102,8.78193225516,2.0,1.11530539641,12.0863759682,3.28971430895,88.0
27.2309683471,95.0206106469,8.56426482329,3.0,1.08766163256,12.0676175522,3.26771620165,88.0
18.6597284482,123.067861673,39.7411509172,0.0,5.04712616648,15.6296184325,2.23916741378,89.0
18.6919579802,123.149478128,39.5749532876,1.0,5.02601906753,15.6399837222,2.24303495762,89.0
18.6827682595,123.164934551,39.8499596176,2.0,5.06094487144,15.641946688,2.24193219114,89.0
18.6768364933,123.051404023,40.0229454203,3.0,5.08291406838,15.6275283109,2.24122037919,89.0
27.1354636881,39.6811872179,23.2157519065,0.0,2.94840049213,5.03951077668,3.25625564258,90.0
27.3183228078,39.7977514338,23.2612569509,1.0,2.95417963276,5.05431443209,3.27819873693,90.0
27.4799606895,39.923152351,23.2813531162,2.0,2.95673184576,5.07024034858,3.29759528274,90.0
27.4039647554,39.8751772535,23.323870944,3.0,2.96213160989,5.0641475112,3.28847577065,90.0
28.6218388303,36.5041726125,3.36908858319,0.0,0.427874250066,4.63602992178,3.43462065963,91.0
28.5845345739,36.4653650451,3.27191850953,1.0,0.415533650711,4.63110136073,3.43014414887,91.0
28.5684887646,36.4501996832,3.33374117962,2.0,0.423385129811,4.62917535977,3.42821865175,91.0
28.5151977739,36.4714543752,3.24014812399,3.0,0.411498811747,4.63187470565,3.42182373287,91.0
36.0991219827,66.5519337139,72.3792336849,0.0,9.19216267799,8.45209558166,4.33189463792,92.0
36.0796680771,66.4342291761,72.5297650334,1.0,9.21128015924,8.43714710536,4.32956016925,92.0
36.1619448555,66.4741401262,72.5550591937,2.0,9.2144925176,8.44221579603,4.33943338266,92.0
36.235869224,66.3727727055,72.5864122916,3.0,9.21847436103,8.4293421336,4.34830430688,92.0
40.1012917363,96.132959919,105.654338378,0.0,13.4181009739,12.2088859097,4.81215500835,93.0
40.0818186251,96.1396749619,105.665927882,1.0,13.419572841,12.2097387202,4.80981823501,93.0
40.1521578834,96.183628823,105.735719576,2.0,13.4284363862,12.2153208605,4.81825894601,93.0
40.1619618783,96.1686992597,105.718780877,3.0,13.4262851714,12.213424806,4.8194354254,93.0
29.9742407215,101.604430869,16.8155680856,0.0,2.13557714687,12.9037627203,3.59690888658,94.0
30.0187200961,101.66399854,16.8045576702,1.0,2.13417882411,12.9113278146,3.60224641154,94.0
29.9849384526,101.787792042,16.9270185162,2.0,2.14973135156,12.9270495893,3.59819261431,94.0
29.9836619092,101.580640599,16.8232538695,3.0,2.13655324143,12.9007413561,3.5980394291,94.0
22.3850234269,79.3764921838,12.2653978234,0.0,1.55770552357,10.0808145073,2.68620281122,95.0
22.4173004948,79.4009344358,12.2205771403,1.0,1.55201329681,10.0839186733,2.69007605938,95.0
22.1347507077,79.4690217129,12.2701006927,2.0,1.55830278797,10.0925657575,2.65617008493,95.0
22.3440332928,79.3352253348,12.3422958543,3.0,1.5674715735,10.0755736175,2.68128399513,95.0
28.0152284884,15.4114747817,3.53038048143,0.0,0.448358321141,1.95725729728,3.36182741861,96.0
28.1447367273,15.4359021199,3.51515002274,1.0,0.446424052888,1.96035956923,3.37736840727,96.0
28.0565425125,15.3832860695,3.54217006418,2.0,0.449855598151,1.95367733083,3.3667851015,96.0
28.0150875992,15.2980347915,3.54420323407,3.0,0.450113810727,1.94285041852,3.36181051191,96.0
40.4012601099,110.40699763,121.67415971,0.0,15.4526182832,14.0216886991,4.84815121319,97.0
40.3659437596,110.372773047,121.699314527,1.0,15.4558129449,14.0173421769,4.84391325115,97.0
40.378374076,110.430220837,121.68019435,2.0,15.4533846825,14.0246380464,4.84540488912,97.0
40.3705694497,110.442087848,121.722810232,3.0,15.4587968995,14.0261451566,4.84446833396,97.0
38.0407906273,44.5383858998,48.0333371333,0.0,6.10023381593,5.65637500927,4.56489487528,98.0
37.9336584326,44.5837477571,47.9405127078,1.0,6.0884451139,5.66213596515,4.55203901191,98.0
37.991489407,44.5281588155,48.0544246543,2.0,6.1029119311,5.65507616957,4.55897872883,98.0
38.0086996147,44.5299955663,48.0664053312,3.0,6.10443347707,5.65530943692,4.56104395376,98.0
46.7557477714,73.9558818873,122.898006355,0.0,15.6080468071,9.39239699968,5.61068973257,99.0
46.7143934503,73.959063028,122.979891469,1.0,15.6184462166,9.39280100456,5.60572721404,99.0
46.7650387369,73.8831553743,122.983564182,2.0,15.6189126511,9.38316073254,5.61180464843,99.0
46.7398018764,73.9637622747,122.969711252,3.0,15.6171533289,9.39339780889,5.60877622516,99.0
48.0055073779,65.9127295029,87.5285117707,0.0,11.1161209949,8.37091664686,5.76066088535,100.0
47.8730763423,65.8007416543,87.5555884702,1.0,11.1195597357,8.3566941901,5.74476916108,100.0
47.8348538407,65.9232546438,87.6809466437,2.0,11.1354802238,8.37225333976,5.74018246089,100.0
47.9881363151,65.7242666649,87.6014760716,3.0,11.1253874611,8.34698186644,5.75857635781,100.0
42.5934817822,96.4039605879,120.122032028,0.0,15.2554980675,12.2433029947,5.11121781386,101.0
42.3759586092,96.3893548667,120.073637791,1.0,15.2493519995,12.2414480681,5.0851150331,101.0
42.3751253758,96.4187723441,120.041195737,2.0,15.2452318586,12.2451840877,5.08501504509,101.0
42.4029052827,96.387529583,120.212454005,3.0,15.2669816586,12.241216257,5.08834863393,101.0
29.2765682038,4.56036782755,14.5939326809,0.0,1.85342945048,0.579166714099,3.51318818446,102.0
29.3988273753,4.63453307084,14.5094190703,1.0,1.84269622193,0.588585699996,3.52785928503,102.0
29.3213043977,4.56820006265,14.5497338985,2.0,1.8478162051,0.580161407956,3.51855652773,102.0
29.3230434041,4.49368814159,14.5811210325,3.0,1.85180237113,0.570698393982,3.5187652085,102.0
40.4059680704,3.68288300902,90.3127773931,0.0,11.4697227289,0.467726142146,4.84871616845,103.0
40.4113135352,3.63322672897,90.1999066769,1.0,11.455388148,0.461419794579,4.84935762422,103.0
40.2496775263,3.59636896328,90.3190741282,2.0,11.4705224143,0.456738858337,4.82996130315,103.0
40.0684469785,3.60384930693,90.3976558179,3.0,11.4805022889,0.45768886198,4.80821363742,103.0
46.3104632064,65.1335174188,56.9606199945,0.0,7.2339987393,8.27195671219,5.55725558477,104.0
46.2062079679,65.168927132,56.9415970384,1.0,7.23158282388,8.27645374577,5.54474495615,104.0
46.3321275076,65.2263945601,56.9356176529,2.0,7.23082344192,8.28375210913,5.55985530091,104.0
46.0879235168,65.073712675,56.8069904109,3.0,7.21448778218,8.26436150972,5.53055082201,104.0
23.014667386,66.5718872253,122.959539739,0.0,15.6158615468,8.45462967761,2.76176008632,105.0
22.9886065409,66.5230154768,123.093317475,1.0,15.6328513193,8.44842296556,2.7586327849,105.0
23.0656084878,66.6422146602,123.220683896,2.0,15.6490268547,8.46356126185,2.76787301853,105.0
22.9810435588,66.5458766233,123.169870294,3.0,15.6425735274,8.45132633116,2.75772522706,105.0
40.8000205308,82.7719366812,101.254711166,0.0,12.8593483181,10.5120359585,4.8960024637,106.0
40.7999696718,82.8371325058,101.315440116,1.0,12.8670608947,10.5203158282,4.89599636062,106.0
40.9625008766,82.8978582934,101.435593297,2.0,12.8823203487,10.5280280033,4.91550010519,106.0
40.8957487194,82.8428566173,101.448961718,3.0,12.8840181381,10.5210427904,4.90748984633,106.0
43.0667172561,34.9851436432,62.1125821488,0.0,7.88829793289,4.44311324269,5.16800607073,107.0
43.101078891,34.9804683356,62.2053881705,1.0,7.90008429765,4.44251947862,5.17212946692,107.0
43.0669333535,34.9909989032,62.1260196893,2.0,7.89000450055,4.44385686071,5.16803200242,107.0
43.1862710205,34.9463606172,62.1491616325,3.0,7.89294352733,4.43818779838,5.18235252245,107.0
20.2147507779,52.4087537008,31.7851636146,0.0,4.03671577906,6.65591172,2.42577009335,108.0
20.1015922109,52.4868154616,31.8226739314,1.0,4.04147958929,6.66582556362,2.41219106531,108.0
20.0580993146,52.4453841059,31.7648017498,2.0,4.03412982223,6.66056378145,2.40697191775,108.0
20.1865439827,52.3900681802,31.9322117931,3.0,4.05539089772,6.65353865889,2.42238527792,108.0
40.9227491383,25.1256188071,1.99043033416,0.0,0.252784652438,3.1909535885,4.91072989659,109.0
41.0286702029,25.2440748008,2.01577825843,1.0,0.256003838821,3.2059974997,4.92344042435,109.0
40.9158091314,25.1217458446,2.09715131455,2.0,0.266338216948,3.19046172226,4.90989709576,109.0
40.9181322284,25.1064053702,2.09150677648,3.0,0.265621360613,3.18851348202,4.91017586741,109.0
39.2725053751,49.2865081668,19.8460403629,0.0,2.52044712608,6.25938653718,4.71270064501,110.0
39.3415222937,49.3427582812,19.7657904859,1.0,2.51025539171,6.26653030171,4.72098267525,110.0
39.3136921141,49.4094537556,19.6927224169,2.0,2.50097574695,6.27500062696,4.71764305369,110.0
39.3074796228,49.3257674599,19.856450718,3.0,2.52176924119,6.26437246741,4.71689755473,110.0
46.3532460542,87.5709618728,113.529328732,0.0,14.418224749,11.1215121578,5.56238952651,111.0
46.0880024121,87.5385414079,113.688836258,1.0,14.4384822047,11.1173947588,5.53056028946,111.0
46.0181402086,87.5937634855,113.66039955,2.0,14.4348707429,11.1244079627,5.52217682503,111.0
46.3547366251,87.5462949368,113.563076629,3.0,14.4225107319,11.118379457,5.56256839501,111.0
11.3152274655,126.236229968,0.526125494761,0.0,0.0668179378347,16.0320012059,1.35782729586,112.0
11.2498801369,126.441822856,0.38380977358,1.0,0.0487438412446,16.0581115027,1.34998561643,112.0
11.3574870896,126.406511448,0.400472524159,2.0,0.0508600105681,16.0536269539,1.36289845076,112.0
11.3233105967,126.340976955,0.29372395222,3.0,0.0373029419319,16.0453040733,1.3587972716,112.0
42.6596768591,36.4737574171,12.4300332435,0.0,1.57861422193,4.63216719197,5.11916122309,113.0
42.8509386299,36.6453677166,12.3327896136,1.0,1.56626428093,4.65396170001,5.14211263558,113.0
42.7084147584,36.6451267704,12.4826656799,2.0,1.58529854135,4.65393109984,5.12500977101,113.0
42.662727192,36.5732435462,12.4016635693,3.0,1.5750112733,4.64480193037,5.11952726303,113.0
47.5268279359,83.2995138698,87.963098451,0.0,11.1713135033,10.5790382615,5.70321935231,114.0
47.3461160507,83.309091251,88.0686189192,1.0,11.1847146027,10.5802545889,5.68153392608,114.0
47.4149633781,83.441511904,88.1312013541,2.0,11.192662572,10.5970720118,5.68979560538,114.0
47.3250855665,83.5050657709,88.3340272613,3.0,11.2184214622,10.6051433529,5.67901026798,114.0
48.0113023832,104.778027334,99.6486148886,0.0,12.6553740908,13.3068094715,5.76135628598,115.0
47.9389583391,104.769055953,99.5905400377,1.0,12.6479985848,13.305670106,5.7526750007,115.0
48.0427763657,104.818663778,99.7478105035,2.0,12.6679719339,13.3119702998,5.76513316388,115.0
47.9153515586,104.765899764,99.6879425229,3.0,12.6603687004,13.30526927,5.74984218703,115.0
1.61153709319,20.0176496807,49.6173419404,0.0,6.30140242642,2.54224150944,0.193384451183,116.0
1.52475848465,20.0980733596,49.6529767607,1.0,6.30592804861,2.55245531666,0.182971018158,116.0
1.65369348484,20.1007851323,49.6522942603,2.0,6.30584137106,2.5527997118,0.198443218181,116.0
1.57465359946,19.9228105532,49.6957501808,3.0,6.31136027296,2.53019694025,0.188958431935,116.0
0.382180878544,119.527522886,118.483169051,0.0,15.0473624695,15.1799954065,0.0458617054252,117.0
0.419938781942,119.609608442,118.431858009,1.0,15.0408459671,15.1904202721,0.0503926538331,117.0
0.734644871641,119.57527288,118.450888377,2.0,15.0432628239,15.1860596557,0.0881573845969,117.0
0.862823478266,119.539189317,118.481057349,3.0,15.0470942833,15.1814770432,0.103538817392,117.0
1.32142485024,18.8353432911,127.196019113,0.0,16.1538944274,2.39208859797,0.158570982029,118.0
1.32736866388,18.789725628,126.985613579,1.0,16.1271729246,2.38629515476,0.159284239665,118.0
1.50956342124,18.8535857772,127.164257568,2.0,16.1498607111,2.39440539371,0.181147610549,118.0
1.53384405454,18.7657479634,127.104678995,3.0,16.1422942323,2.38324999135,0.184061286545,118.0
0.422814632923,116.088995487,81.8231397151,0.0,10.3915387438,14.7433024268,0.0507377559508,119.0
0.471140291011,116.074136221,81.9240964267,1.0,10.4043602462,14.7414153,0.0565368349213,119.0
0.45199740756,116.129082036,81.9262369232,2.0,10.4046320893,14.7483934185,0.0542396889072,119.0
0.425296897129,115.971280006,81.9108626973,3.0,10.4026795626,14.7283525607,0.0510356276555,119.0
14.3619626037,39.5841276351,123.906878215,0.0,15.7361735333,5.02718420966,1.72343551244,120.0
14.2905705948,39.6579544112,124.080673117,1.0,15.7582454859,5.03656021023,1.71486847138,120.0
14.347197658,39.6443229151,123.956977635,2.0,15.7425361596,5.03482901021,1.72166371896,120.0
14.2758569404,39.5639547773,123.941796556,3.0,15.7406081626,5.02462225671,1.71310283284,120.0
47.2579886346,127.462214386,91.5576857242,0.0,11.627826087,16.187701227,5.67095863615,121.0
47.1352293289,127.742200945,91.4715662963,1.0,11.6168889196,16.22325952,5.65622751947,121.0
47.1969334762,127.718437319,91.4760525026,2.0,11.6174586678,16.2202415395,5.66363201714,121.0
47.0280501577,127.812350607,91.6532782478,3.0,11.6399663375,16.2321685271,5.64336601892,121.0
18.6994321624,28.165349118,82.4524333856,0.0,10.47145904,3.57699933798,2.24393185948,122.0
18.6633355705,28.1582736465,82.5618154705,1.0,10.4853505647,3.57610075311,2.23960026846,122.0
18.6997405106,28.1975797997,82.5099050352,2.0,10.4787579395,3.58109263456,2.24396886128,122.0
18.7737819617,28.1278491856,82.6524501343,3.0,10.4968611671,3.57223684657,2.2528538354,122.0
23.7836339091,104.84064265,110.848626979,0.0,14.0777756263,13.3147616165,2.85403606909,123.0
23.6244987984,104.847419332,111.057528085,1.0,14.1043060668,13.3156222551,2.83493985581,123.0
23.6091785399,105.024214477,111.242496261,2.0,14.1277970252,13.3380752385,2.83310142479,123.0
23.5611404864,104.936615659,111.228753669,3.0,14.126051716,13.3269501887,2.82733685837,123.0
14.0821696728,43.1083847772,41.1933929279,0.0,5.23156090184,5.4747648667,1.68986036073,124.0
14.0678295683,43.1251659131,41.2186571964,1.0,5.23476946394,5.47689607096,1.6881395482,124.0
13.9863438689,43.1624757279,41.3300592851,2.0,5.24891752921,5.48163441744,1.67836126426,124.0
14.0600676079,43.1158304561,41.2218730104,3.0,5.23517787232,5.47571046792,1.68720811294,124.0
32.9846716927,38.4882172345,115.204766914,0.0,14.6310053981,4.88800358879,3.95816060313,125.0
33.0862716848,38.6142679219,115.15188499,1.0,14.6242893937,4.90401202608,3.97035260217,125.0
33.0663016659,38.5668305334,115.188023237,2.0,14.628878951,4.89798747775,3.96795619991,125.0
33.0434104802,38.5697305377,115.233583836,3.0,14.6346651471,4.89835577828,3.96520925763,125.0
46.7936948131,77.0380355419,69.2817259944,0.0,8.79877920129,9.78383051383,5.61524337758,126.0
46.7495971678,76.9042809945,69.1620621012,1.0,8.78358188685,9.7668436863,5.60995166014,126.0
46.7436758067,77.0239547485,69.3828889463,2.0,8.81162689618,9.78204225305,5.60924109681,126.0
46.8069665473,76.9282706044,69.3064177393,3.0,8.80191505289,9.76989036676,5.61683598567,126.0
47.1214615525,115.820049837,23.5343174445,0.0,2.98885831545,14.7091463293,5.6545753863,127.0
47.0356838865,115.840479001,23.3663432108,1.0,2.96752558777,14.7117408331,5.64428206638,127.0
47.0753499048,115.938399017,23.5056432075,2.0,2.98521668735,14.7241766752,5.64904198858,127.0
47.0318213895,115.750890221,23.4531025293,3.0,2.97854402122,14.7003630581,5.64381856674,127.0
29.4219502918,60.9072551181,16.2557614718,0.0,2.06448170692,7.7352214,3.53063403502,128.0
29.4801997843,60.9254717737,16.2036843202,1.0,2.05786790867,7.73753491526,3.53762397412,128.0
29.5321172577,60.9426496192,16.2618811432,2.0,2.06525890518,7.73971650164,3.54385407092,128.0
29.4002235895,60.82606285,16.2875397112,3.0,2.06851754333,7.72490998195,3.52802683074,128.0
23.2397382757,125.419640638,14.9807167226,0.0,1.90255102376,15.928294361,2.78876859309,129.0
23.1722666554,125.439002036,15.0668553707,1.0,1.91349063208,15.9307532585,2.78067199865,129.0
23.2425924326,125.392002858,15.0499711611,2.0,1.91134633746,15.924784363,2.78911109192,129.0
23.1568283151,125.470906769,15.1009977761,3.0,1.91782671756,15.9348051597,2.77881939781,129.0
35.7460114387,9.24680704934,126.001695173,0.0,16.0022152869,1.17434449527,4.28952137265,130.0
35.8363779604,9.2060470672,126.009117045,1.0,16.0031578648,1.16916797753,4.30036535525,130.0
35.8611907114,9.13085203927,126.052388242,2.0,16.0086533068,1.15961820899,4.30334288536,130.0
35.7591455475,9.04129615024,125.947119524,3.0,15.9952841796,1.14824461108,4.2910974657,130.0
14.291289746,11.1978188739,19.576054132,0.0,2.48615887476,1.42212299699,1.71495476952,131.0
14.1659664309,11.2067296284,19.6684783774,1.0,2.49789675393,1.4232546628,1.69991597171,131.0
14.2948274165,11.2089240472,19.619804976,2.0,2.49171523195,1.42353335399,1.71537928998,131.0
14.2144343733,11.2004546082,19.6420311285,3.0,2.49453795331,1.42245773524,1.70573212479,131.0
16.5002177326,26.1239617312,7.78832669646,0.0,0.98911749045,3.31774313986,1.98002612791,132.0
16.4021198733,26.0579268437,7.78250512982,1.0,0.988378151487,3.30935670915,1.9682543848,132.0
16.4511070021,26.1092535505,7.80436611323,2.0,0.99115449638,3.31587520092,1.97413284025,132.0
16.4647192725,26.0250321059,7.84327340064,3.0,0.996095721881,3.30517907745,1.9757663127,132.0
39.9845583604,0.358996259326,24.6324421537,0.0,3.12832015352,0.0455925249344,4.79814700325,133.0
39.8842374434,0.483069133949,24.5180915102,1.0,3.11379762179,0.0613497800115,4.78610849321,133.0
39.9213330424,0.4107151731,24.6001917261,2.0,3.12422434922,0.0521608269837,4.79055996508,133.0
39.8476917836,0.316366461814,24.7146243941,3.0,3.13875729806,0.0401785406503,4.78172301404,133.0
3.73320701184,44.4728902212,84.766985286,0.0,10.7654071313,5.6480570581,0.447984841421,134.0
3.89792137075,44.5175982812,84.8273047497,1.0,10.7730677032,5.65373498171,0.46775056449,134.0
3.66886953431,44.5369936221,84.858906615,2.0,10.7770811401,5.65619819001,0.440264344118,134.0
3.79646231108,44.4476516498,84.9067497624,3.0,10.7831572198,5.64485175953,0.45557547733,134.0
14.8849427161,103.932124803,64.6882525163,0.0,8.21540806957,13.19937985,1.78619312593,135.0
14.7526063901,103.873775779,64.7214500497,1.0,8.21962415632,13.1919695239,1.77031276681,135.0
14.8400331712,104.042248557,64.7519495581,2.0,8.22349759388,13.2133655667,1.78080398054,135.0
14.7108847522,103.940227656,64.7719656099,3.0,8.22603963245,13.2004089123,1.76530617027,135.0
15.6151072376,36.7702325407,94.9059162105,0.0,12.0530513587,4.66981953266,1.87381286851,136.0
15.5539736133,36.8010764918,94.9915147842,1.0,12.0639223776,4.67373671446,1.86647683359,136.0
15.6377357448,36.8134362283,94.978153781,2.0,12.0622255302,4.67530640099,1.87652828938,136.0
15.6107400375,36.7335056342,94.9417621079,3.0,12.0576037877,4.66515521554,1.87328880451,136.0
18.071826019,123.898671202,80.7457139321,0.0,10.2547056694,15.7351312427,2.16861912228,137.0
18.03484948,123.840760619,80.9435760413,1.0,10.2798341572,15.7277765986,2.1641819376,137.0
18.0935363588,123.862006256,80.8804088335,2.0,10.2718119219,15.7304747945,2.17122436305,137.0
18.058078107,123.913345954,80.8897646325,3.0,10.2730001083,15.7369949362,2.16696937284,137.0
19.1516543951,51.5218958036,123.380328773,0.0,15.6693017542,6.54328076705,2.29819852742,138.0
19.2354687617,51.5771662293,123.547810193,1.0,15.6905718945,6.55030011112,2.3082562514,138.0
19.1991221846,51.6065825636,123.520752056,2.0,15.6871355112,6.55403598557,2.30389466215,138.0
19.1595971202,51.5288681735,123.607938657,3.0,15.6982082094,6.54416625803,2.29915165443,138.0
47.1248102515,78.0711435263,14.7161686209,0.0,1.86895341485,9.91503522784,5.65497723018,139.0
47.0339676986,78.1260671631,14.6814614062,1.0,1.86454559858,9.92201052971,5.64407612383,139.0
46.9306408644,78.2609729869,14.6973849703,2.0,1.86656789123,9.93914356933,5.63167690373,139.0
47.0779646221,78.1070540279,14.6587577873,3.0,1.86166223898,9.91959586155,5.64935575465,139.0
47.771037166,94.3559428367,47.5945065938,0.0,6.04450233742,11.9832047403,5.73252445992,140.0
47.7143172523,94.3437852525,47.7559268054,1.0,6.06500270429,11.9816607271,5.72571807027,140.0
47.700989089,94.4629858414,47.6463023134,2.0,6.0510803938,11.9967992019,5.72411869068,140.0
47.7065188157,94.3357145302,47.6630675131,3.0,6.05320957417,11.9806357453,5.72478225789,140.0
47.3487933107,102.056209822,75.4650561449,0.0,9.5840621304,12.9611386474,5.68185519729,141.0
47.4238736459,102.02996361,75.4499955293,1.0,9.58214943222,12.9578053785,5.69086483751,141.0
47.2272146529,102.108531125,75.3238872609,2.0,9.56613368213,12.9677834529,5.66726575835,141.0
47.2505203845,102.134415649,75.4604069956,3.0,9.58347168845,12.9710707874,5.67006244614,141.0
46.9007361789,117.728436857,73.6315068788,0.0,9.35120137361,14.9515114808,5.62808834146,142.0
46.6805016106,117.808773213,73.8155926107,1.0,9.37458026156,14.9617141981,5.60166019327,142.0
46.7860676925,117.869025577,73.770095831,2.0,9.36880217054,14.9693662483,5.61432812311,142.0
46.7473212451,117.780822563,73.9289037881,3.0,9.38897078109,14.9581644656,5.60967854941,142.0
47.2074560626,17.1549632759,12.3870059022,0.0,1.57314974957,2.17868033603,5.66489472752,143.0
47.111017858,17.0696004441,12.4734612846,1.0,1.58412958315,2.1678392564,5.65332214296,143.0
47.143746728,17.0809621077,12.2946017396,2.0,1.56141442093,2.16928218768,5.65724960736,143.0
47.1093943756,17.2274943538,12.390433866,3.0,1.57358510098,2.18789178293,5.65312732507,143.0
47.8116872308,51.1768226056,57.5472001102,0.0,7.308494414,6.49945647091,5.7374024677,144.0
47.6417505771,51.1786543531,57.4487469991,1.0,7.29599086888,6.49968910285,5.71701006925,144.0
47.6869349655,51.2747924965,57.5587818419,2.0,7.30996529392,6.51189864706,5.72243219586,144.0
47.6957269779,51.1122850593,57.4946492705,3.0,7.30182045736,6.49126020253,5.72348723734,144.0
47.7871563045,101.554292325,3.56823855801,0.0,0.453166296867,12.8973951253,5.73445875653,145.0
47.7796351469,101.496039917,3.54339677429,1.0,0.450011390335,12.8899970695,5.73355621763,145.0
47.7217458522,101.526080047,3.58590130733,2.0,0.455409466031,12.893812166,5.72660950227,145.0
47.7710800555,101.551095901,3.49248755441,3.0,0.44354591941,12.8969891794,5.73252960666,145.0
46.8480370361,23.2400636637,63.9559448964,0.0,8.12240500184,2.95148808529,5.62176444434,146.0
46.7735538525,23.1889118206,64.092996,1.0,8.139810492,2.94499180122,5.6128264623,146.0
46.9310802398,23.2209205873,64.0031988807,2.0,8.12840625784,2.94905691459,5.63172962878,146.0
46.8397275182,23.1957350197,64.1233760898,3.0,8.1436687634,2.9458583475,5.62076730218,146.0
47.0997058888,58.3219607437,112.31885682,0.0,14.2644948162,7.40688901444,5.65196470666,147.0
46.9330909478,58.3019390858,112.321960527,1.0,14.2648889869,7.40434626389,5.63197091374,147.0
46.8822783267,58.2743231828,112.432984504,2.0,14.2789890321,7.40083904421,5.6258733992,147.0
46.9852278658,58.2103431167,112.349137613,3.0,14.2683404768,7.39271357582,5.6382273439,147.0
48.6241430823,19.2990115076,45.5453418093,0.0,5.78425840978,2.45097446146,5.83489716988,148.0
48.4595592887,19.3683390846,45.6049054387,1.0,5.79182299071,2.45977906375,5.81514711465,148.0
48.4363034899,19.4003655533,45.5419743512,2.0,5.7838307426,2.46384642527,5.81235641878,148.0
48.4885342463,19.4660457596,45.6305292204,3.0,5.795077211,2.47218781146,5.81862410956,148.0
46.9250740976,113.032501311,84.8432388687,0.0,10.7750913363,14.3551276665,5.63100889171,149.0
46.7336188376,113.103459314,84.8160721331,1.0,10.7716411609,14.3641393329,5.60803426052,149.0
46.6622262758,113.19153287,84.7280849518,2.0,10.7604667889,14.3753246745,5.5994671531,149.0
46.6623104187,113.177655113,84.8360548096,3.0,10.7741789608,14.3735621993,5.59947725024,149.0
48.6938418007,72.9911520956,38.5214111048,0.0,4.89221921031,9.26987631614,5.84326101608,150.0
48.5472634118,72.8536312646,38.9843123441,1.0,4.9510076677,9.2524111706,5.82567160941,150.0
48.7183788283,72.9925756106,38.7343301314,2.0,4.91925992669,9.27005710255,5.84620545939,150.0
48.7453487405,72.755536085,38.5694548274,3.0,4.89832076307,9.2399530828,5.84944184886,150.0
28.9657919678,104.203997004,2.12204804628,0.0,0.269500101878,13.2339076195,3.47589503613,151.0
28.9701923591,104.325168472,2.20172902595,1.0,0.279619586296,13.249296396,3.4764230831,151.0
29.1508314706,104.446137699,1.89793767335,2.0,0.241038084515,13.2646594878,3.49809977648,151.0
29.1924860679,104.404939784,1.85046594541,3.0,0.235009175067,13.2594273526,3.50309832814,151.0
48.4019354202,41.513738386,44.2251753317,0.0,5.61659726712,5.27224477502,5.80823225042,152.0
48.3338350271,41.6778111686,44.4088115537,1.0,5.63991906732,5.29308201841,5.80006020325,152.0
48.3088176604,41.6526215827,44.4092388486,2.0,5.63997333377,5.289882941,5.79705811925,152.0
48.3001202671,41.677729412,44.6184499661,3.0,5.6665431457,5.29307163533,5.79601443206,152.0
47.0546124461,105.606284871,54.5726729009,0.0,6.93072945841,13.4119981786,5.64655349353,153.0
47.1022390194,105.596449523,54.6197979898,1.0,6.93671434471,13.4107490895,5.65226868233,153.0
46.9844088488,105.610118512,54.5037705709,2.0,6.92197886251,13.4124850511,5.63812906185,153.0
46.8799065348,105.638700216,54.6336462421,3.0,6.93847307275,13.4161149274,5.62558878418,153.0
-0.300577657569,90.8145937716,13.7669108736,0.0,1.74839768095,11.533453409,-0.0360693189083,154.0
0.169984479266,90.8677813305,13.9348694353,1.0,1.76972841828,11.540208229,0.020398137512,154.0
-0.249499783146,90.889510217,14.0979762331,2.0,1.7904429816,11.5429677976,-0.0299399739775,154.0
-0.381180806747,90.7171101595,13.9230289426,3.0,1.7682246757,11.5210729903,-0.0457416968096,154.0
47.2155736643,17.2889568238,128.788864014,0.0,16.3561857298,2.19569751662,5.66586883971,155.0
47.3146528598,17.2211186243,128.557486869,1.0,16.3268008324,2.18708206529,5.67775834318,155.0
46.5384826337,17.1836519169,128.370867451,2.0,16.3031001663,2.18232379345,5.58461791604,155.0
46.9978929436,17.1446578853,128.609679554,3.0,16.3334293033,2.17737155144,5.63974715323,155.0
-0.580075990904,67.0559745392,130.21474655,0.0,16.5372728119,8.51610876648,-0.0696091189085,156.0
-0.224722595435,66.775202858,130.029332557,1.0,16.5137252347,8.48045076296,-0.0269667114522,156.0
-0.607270098003,67.0082803199,130.370759637,2.0,16.5570864739,8.51005160062,-0.0728724117604,156.0
-0.425123144627,66.7816257737,130.509381722,3.0,16.5746914787,8.48126647325,-0.0510147773552,156.0
-4.18237935156,40.1791038668,2.63401099558,0.0,0.334519396439,5.10274619109,-0.501885522187,157.0
-4.03647736587,39.4394208055,2.24751271612,1.0,0.285434114947,5.0088064423,-0.484377283904,157.0
-4.00156384304,34.8055408349,32.5624895048,0.0,4.13543616711,4.42030368603,-0.480187661164,158.0
-3.81409713284,34.9437283127,32.5636228004,1.0,4.13558009565,4.43785349571,-0.45769165594,158.0
-3.6878962262,35.0051126612,32.3451730143,2.0,4.10783697281,4.44564930797,-0.442547547144,158.0
-3.83656377496,34.7769214599,32.2848972271,3.0,4.10018194784,4.4166690254,-0.460387652995,158.0
-3.79750291266,1.6129795709,8.00037006823,0.0,1.01604699866,0.204848405504,-0.455700349519,159.0
-3.66491640047,1.2304433182,8.11491506227,1.0,1.03059421291,0.156266301411,-0.439789968056,159.0
-3.4020437377,1.19515641896,8.09835419368,2.0,1.0284909826,0.151784865208,-0.408245248524,159.0
-3.63929624033,1.04985913932,7.90841137697,3.0,1.00436824488,0.133332110693,-0.43671554884,159.0
-2.40819359772,88.3244194677,65.405272406,0.0,8.30646959557,11.2172012724,-0.288983231726,160.0
-2.30899424888,88.3255985615,65.3533703516,1.0,8.29987803466,11.2173510173,-0.277079309866,160.0
-2.3740052198,88.3478775043,65.5403759597,2.0,8.32362774689,11.220180443,-0.284880626377,160.0
-2.38533078451,88.1412847409,65.5723344875,3.0,8.32768647991,11.1939431621,-0.286239694142,160.0
-0.715996846232,104.389264906,25.4860999397,0.0,3.23673469234,13.2574366431,-0.0859196215478,161.0
-0.436417636488,104.488611204,25.4762144778,1.0,3.23547923868,13.2700536229,-0.0523701163785,161.0
-0.741188845084,104.22599445,25.4936150501,2.0,3.23768911136,13.2367012951,-0.0889426614101,161.0
-0.834368775701,104.336155162,25.4976628559,3.0,3.23820318269,13.2506917055,-0.100124253084,161.0
25.3019257848,76.5496969328,-1.6523574848,0.0,-0.20984940057,9.72181151047,3.03623109418,162.0
25.0114824402,76.6520615858,-1.16143565374,1.0,-0.147502328025,9.7348118214,3.00137789283,162.0
24.9604494325,76.5134265783,-1.24564259731,2.0,-0.158196609858,9.71720517544,2.9952539319,162.0
24.8983528092,76.4366928931,-1.12519194991,3.0,-0.142899377638,9.70745999743,2.98780233711,162.0
42.4084111941,128.048768903,50.2144044097,0.0,6.37722936004,16.2621936507,5.08900934329,163.0
42.6663163483,128.410421,50.0203273153,1.0,6.35258156904,16.3081234671,5.1199579618,163.0
42.5152614841,128.033875217,50.1502785172,2.0,6.36908537168,16.2603021525,5.1018313781,163.0
42.1032882747,128.061773612,50.1580053631,3.0,6.37006668112,16.2638452488,5.05239459297,163.0
8.14929728251,-1.11395580515,97.6172162582,0.0,12.3973864648,-0.141472387255,0.977915673902,164.0
7.98009719733,-1.03786482376,97.496816467,1.0,12.3820956913,-0.131808832618,0.957611663679,164.0
7.9474136319,-1.10442523909,97.5267002334,2.0,12.3858909296,-0.140262005365,0.953689635828,164.0
8.14799429609,-0.981632100255,97.5667572761,3.0,12.3909781741,-0.124667276732,0.97775931553,164.0
-4.64413829513,42.0729069782,29.9469020548,0.0,3.80325656096,5.34325918624,-0.557296595416,165.0
-4.5393993132,42.1947093901,30.1418409992,1.0,3.8280138069,5.35872809254,-0.544727917584,165.0
-5.21521291608,42.5194752112,30.2453094951,2.0,3.84115430587,5.39997335182,-0.62582554993,165.0
-4.5896358223,42.3360705218,29.7586412608,3.0,3.77934744012,5.37668095627,-0.550756298676,165.0
-5.31234964761,121.726981107,95.24331721,0.0,12.0959012857,15.4593266006,-0.637481957713,166.0
-5.02675159695,121.580046885,95.4435938384,1.0,12.1213364175,15.4406659544,-0.603210191634,166.0
-5.26854372891,121.712659514,95.0437828618,2.0,12.0705604234,15.4575077583,-0.632225247469,166.0
-5.3001851429,121.586739911,95.4705661283,3.0,12.1247618983,15.4415159686,-0.636022217148,166.0
36.2764256869,51.0711482275,-3.20620111565,0.0,-0.407187541687,6.48603582489,4.35317108242,167.0
36.5203024232,50.9519801486,-2.96031991548,1.0,-0.375960629267,6.47090147888,4.38243629078,167.0
36.4043727458,51.0719020249,-3.39598637424,2.0,-0.431290269528,6.48613155716,4.3685247295,167.0
36.8053447439,50.8768932076,-3.60845051975,3.0,-0.458273216009,6.46136543737,4.41664136927,167.0
24.9282595709,-1.64190238473,111.373573375,0.0,14.1444438187,-0.20852160286,2.99139114851,168.0
25.0153589683,-1.40619951855,111.41407048,1.0,14.1495869509,-0.178587338856,3.00184307619,168.0
24.9936396764,-1.3066352369,111.485462382,2.0,14.1586537225,-0.165942675087,2.99923676117,168.0
25.0329546065,-1.6054022864,111.522775744,3.0,14.1633925195,-0.203886090373,3.00395455279,168.0
31.944170339,42.5305664071,130.344476823,0.0,16.5537485565,5.40138193371,3.83330044068,169.0
31.8848020375,42.537140096,130.002169467,1.0,16.5102755223,5.40221679219,3.8261762445,169.0
31.7595636531,42.6745969029,130.016707218,2.0,16.5121218167,5.41967380667,3.81114763837,169.0
31.606732248,42.514931663,130.529179951,3.0,16.5772058538,5.3993963212,3.79280786976,169.0
43.8066197791,-0.945476877586,125.780445481,0.0,15.9741165761,-0.120075563453,5.2567943735,170.0
43.8263863826,-1.14351443741,125.691395827,1.0,15.96280727,-0.145226333551,5.25916636591,170.0
43.8869372333,-1.1672231004,125.922388395,2.0,15.9921433262,-0.148237333751,5.26643246799,170.0
43.79945298,-1.25568836731,125.917182254,3.0,15.9914821462,-0.159472422648,5.2559343576,170.0
-3.35157474238,50.8166141869,1.16945296995,0.0,0.148520527184,6.45371000174,-0.402188969086,171.0
-3.38979641591,50.6077112691,1.10335657109,1.0,0.140126284528,6.42717933118,-0.40677556991,171.0
-3.33980515387,50.5789501337,0.910006124525,2.0,0.115570777815,6.42352666697,-0.400776618465,171.0
-3.6180389891,50.6877765234,0.971359701057,3.0,0.123362682034,6.43734761848,-0.434164678693,171.0
-3.93267937846,5.12904778446,54.6419638592,0.0,6.93952941012,0.651389068627,-0.471921525415,172.0
-3.7964619594,5.00183525733,54.5844445597,1.0,6.93222445908,0.63523307768,-0.455575435128,172.0
-3.67147373074,5.07980107501,54.6236607272,2.0,6.93720491235,0.645134736526,-0.440576847688,172.0
-3.68585506251,5.07607795172,54.7552885314,3.0,6.95392164348,0.644661899869,-0.442302607501,172.0
-3.0273033225,8.80352237929,69.2438568914,0.0,8.79396982521,1.11804734217,-0.3632763987,173.0
-3.17450599929,8.79843601606,69.2621056227,1.0,8.79628741409,1.11740137404,-0.380940719915,173.0
-3.00760838131,8.96032174146,69.1349133861,2.0,8.78013400003,1.13796086117,-0.360913005757,173.0
-3.23590893569,8.89890047954,69.1820693429,3.0,8.78612280655,1.1301603609,-0.388309072282,173.0
19.4101441839,90.7247249689,-3.59218544136,0.0,-0.456207551053,11.522040071,2.32921730207,174.0
19.3564922292,90.7563534616,-3.10236317215,1.0,-0.394000122863,11.5260568896,2.32277906751,174.0
19.3267892761,90.6913139506,-3.40222899263,2.0,-0.432083082064,11.5177968717,2.31921471313,174.0
19.1197985949,90.5246099877,-3.33417618303,3.0,-0.423440375244,11.4966254684,2.29437583139,174.0
-2.66174173459,94.1030575099,128.877792253,0.0,16.3674796161,11.9510883038,-0.319409008151,175.0
-2.91442768496,94.1401697814,129.11436305,1.0,16.3975241073,11.9558015622,-0.349731322195,175.0
-2.68805887687,94.3277750789,129.24601174,2.0,16.414243491,11.979627435,-0.322567065225,175.0
-2.76304677528,94.0940139604,129.2256926,3.0,16.4116629602,11.949939773,-0.331565613033,175.0
-3.26663158897,63.4742840456,61.5140050524,0.0,7.81227864165,8.06123407379,-0.391995790676,176.0
-3.09909258873,63.6207282917,61.5162700339,1.0,7.81256629431,8.07983249305,-0.371891110647,176.0
-3.45029352116,63.7247985207,61.5793892129,2.0,7.82058243004,8.09304941213,-0.414035222539,176.0
-3.36656392502,63.5007781826,61.4389685748,3.0,7.80274900901,8.06459882919,-0.403987671003,176.0
-0.191476518728,108.045258351,61.1337178671,0.0,7.76398216912,13.7217478106,-0.0229771822473,177.0
-0.224070895454,108.136556583,61.162793133,1.0,7.76767472789,13.733342686,-0.0268885074544,177.0
-0.250676566767,108.106947328,61.2052617046,2.0,7.77306823648,13.7295823106,-0.0300811880121,177.0
-0.305627975363,108.032500209,61.1924102224,3.0,7.77143609825,13.7201275266,-0.0366753570436,177.0
17.5249486502,129.258822956,67.3250552683,0.0,8.55028201907,16.4158705155,2.10299383802,178.0
17.5292113768,129.148959796,67.4527756008,1.0,8.56650250131,16.4019178941,2.10350536521,178.0
17.5952304659,129.18646051,67.4582460323,2.0,8.56719724611,16.4066804847,2.11142765591,178.0
17.4761626178,129.261954853,67.4278335578,3.0,8.56333486185,16.4162682663,2.09713951413,178.0
-1.10521254385,68.1048995085,96.7155840387,0.0,12.2828791729,8.64932223758,-0.132625505262,179.0
-0.975444704123,68.0195071635,96.7764940535,1.0,12.2906147448,8.63847740977,-0.117053364495,179.0
-1.03101162162,68.1487468834,96.8390782759,2.0,12.298562941,8.65489085419,-0.123721394595,179.0
-1.09611926974,68.1231919735,96.8561467354,3.0,12.3007306354,8.65164538064,-0.131534312369,179.0
-4.49593887384,46.337103509,122.507175781,0.0,15.5584113242,5.88481214564,-0.539512664861,180.0
-4.41812542025,46.2791934709,122.406912587,1.0,15.5456778985,5.8774575708,-0.53017505043,180.0
-4.381026233,46.3676036494,122.38336487,2.0,15.5426873385,5.88868566347,-0.52572314796,180.0
-4.68276278271,46.0987560273,122.262135062,3.0,15.5272911528,5.85454201547,-0.561931533925,180.0
-0.440819201858,13.8840507139,22.2821613089,0.0,2.82983448624,1.76327444067,-0.0528983042229,181.0
-0.356953341289,13.8160920981,22.3967637125,1.0,2.84438899149,1.75464369646,-0.0428344009547,181.0
-0.512967057498,13.8755462557,22.4621810595,2.0,2.85269699456,1.76219437448,-0.0615560468997,181.0
-0.408034415538,13.820143867,22.3255214127,3.0,2.83534121941,1.7551582711,-0.0489641298646,181.0
8.75209633262,64.8189291651,-5.38408677946,0.0,-0.683779020992,8.23200400397,1.05025155991,182.0
8.55195126173,64.646169978,-5.5607959855,1.0,-0.706221090158,8.2100635872,1.02623415141,182.0
8.78718482636,64.7527169102,-5.39249707894,2.0,-0.684847129025,8.22359504759,1.05446217916,182.0
8.56075809342,64.6764352121,-5.90174542594,3.0,-0.749521669094,8.21390727194,1.02729097121,182.0
-1.81693308762,95.8931531553,-3.21196760606,0.0,-0.40791988597,12.1784304507,-0.218031970514,183.0
-1.57606748001,95.7576363763,-2.76941934493,1.0,-0.351716256806,12.1612198198,-0.189128097601,183.0
-1.75836085978,95.7419466943,-3.04671706228,2.0,-0.38693306691,12.1592272302,-0.211003303173,183.0
-1.75015109998,95.7368680929,-3.08842543993,3.0,-0.39223003087,12.1585822478,-0.210018131998,183.0
-2.12059247627,109.138069244,128.14748619,0.0,16.2747307461,13.860534794,-0.254471097153,184.0
-2.08248694495,109.200515059,128.042032573,1.0,16.2613381367,13.8684654125,-0.249898433394,184.0
-1.94110424322,109.269632813,128.158152688,2.0,16.2760853914,13.8772433673,-0.232932509187,184.0
-1.84606080459,109.124169191,128.138682868,3.0,16.2736127242,13.8587694872,-0.221527296551,184.0
-5.7636129176,59.8477383641,87.2865389219,0.0,11.0853904431,7.60066277224,-0.691633550112,185.0
-5.64049184732,59.8926986652,87.3744218762,1.0,11.0965515783,7.60637273048,-0.676859021678,185.0
-5.60932638924,59.7406702053,87.3782936181,2.0,11.0970432895,7.58706511608,-0.673119166709,185.0
-5.88826770076,59.7702808958,87.2929953274,3.0,11.0862104066,7.59082567377,-0.706592124092,185.0
-0.406195904258,120.177244313,11.5785032711,0.0,1.47046991543,15.2625100277,-0.048743508511,186.0
-0.357129593072,120.183175551,11.5790264129,1.0,1.47053635444,15.263263295,-0.0428555511686,186.0
-0.479242787095,120.259895198,11.5820245737,2.0,1.47091712085,15.2730066902,-0.0575091344514,186.0
-0.152618020758,120.109346058,11.5735989456,3.0,1.4698470661,15.2538869494,-0.018314162491,186.0
-4.82732998395,-2.03040314506,89.7578206644,0.0,11.3992432244,-0.257861199423,-0.579279598074,187.0
-5.02487334591,-1.66707313366,89.8105481904,1.0,11.4059396202,-0.211718287975,-0.60298480151,187.0
-4.9587318073,-1.91871702228,89.419177771,2.0,11.3562355769,-0.24367706183,-0.595047816876,187.0
-4.93684925006,-1.57132540762,89.9051689333,3.0,11.4179564545,-0.199558326767,-0.592421910008,187.0
-3.12538072743,87.7208370194,47.3603213747,0.0,6.01476081458,11.1405463015,-0.375045687292,188.0
-3.22760598541,87.9071806934,47.4468460282,1.0,6.02574944558,11.1642119481,-0.38731271825,188.0
-3.07465699477,87.9648766635,47.4193829182,2.0,6.02226163062,11.1715393363,-0.368958839373,188.0
-3.23996704751,87.8167330102,47.4984325102,3.0,6.0323009288,11.1527250923,-0.388796045702,188.0
-5.12228433647,40.8561043453,18.9290843487,0.0,2.40399371228,5.18872525185,-0.614674120376,189.0
-5.05210167877,41.0153177023,19.1926627934,1.0,2.43746817476,5.20894534819,-0.606252201453,189.0
-4.70696730597,40.897582104,19.5442005771,2.0,2.4821134733,5.19399292721,-0.564836076716,189.0
-5.24740840731,40.8444769684,18.7949724455,3.0,2.38696150058,5.18724857498,-0.629689008877,189.0
-2.07426652,46.8934970849,63.6167055186,0.0,8.07932160086,5.95547412979,-0.2489119824,190.0
-2.07998663792,46.9345147696,63.8004403178,1.0,8.10265592037,5.96068337574,-0.24959839655,190.0
-2.1718995101,47.0250131571,63.7855188332,2.0,8.10076089182,5.97217667095,-0.260627941212,190.0
-2.20573054552,46.8795248042,63.7645785968,3.0,8.09810148179,5.95369965013,-0.264687665462,190.0
14.2334256312,-0.0693795575041,55.5891277902,0.0,7.05981922936,-0.00881120380303,1.70801107574,191.0
14.2454572248,0.0405262318338,55.6137533079,1.0,7.06294667011,0.00514683144289,1.70945486698,191.0
14.1643765459,0.0108461591724,55.7195730633,2.0,7.07638577904,0.0013774622149,1.69972518551,191.0
14.1939448896,-0.0151041908018,55.6606611407,3.0,7.06890396487,-0.00191823223183,1.70327338675,191.0
-1.28086897638,39.0308232983,46.7961145612,0.0,5.94310654927,4.95691455889,-0.153704277166,192.0
-1.30908828253,39.0767366572,46.7937030962,1.0,5.94280029322,4.96274555546,-0.157090593904,192.0
-1.27909781882,39.1216214374,46.8504999417,2.0,5.9500134926,4.96844592255,-0.153491738259,192.0
-1.1552063254,38.9884640263,46.8457649882,3.0,5.9494121535,4.95153493134,-0.138624759048,192.0
-6.30173593499,61.9987873727,26.713739716,0.0,3.39264494393,7.87384599633,-0.756208312199,193.0
-6.38843609692,62.0698511326,26.9855757844,1.0,3.42716812462,7.88287109384,-0.76661233163,193.0
-6.41545054754,62.0229482677,26.7874762167,2.0,3.40200947952,7.87691443,-0.769854065704,193.0
-6.24973297835,61.8871831771,26.8510656044,3.0,3.41008533176,7.85967226349,-0.749967957402,193.0
-1.65645351283,76.1191727818,33.2849507665,0.0,4.22718874734,9.66713494329,-0.198774421539,194.0
-1.5595800228,76.0522348049,33.2230396627,1.0,4.21932603716,9.65863382023,-0.187149602736,194.0
-1.79728466393,76.1936534466,33.3553575541,2.0,4.23613040937,9.67659398772,-0.215674159672,194.0
-1.75624007608,76.1164602074,33.4246247941,3.0,4.24492734885,9.66679044634,-0.21074880913,194.0
35.7253561859,-2.03154947937,51.0678830768,0.0,6.48562115075,-0.25800678388,4.28704274231,195.0
35.6553403204,-2.25376113082,50.9624574857,1.0,6.47223210069,-0.286227663614,4.27864083845,195.0
35.644844526,-2.15687604432,50.9224342103,2.0,6.46714914471,-0.273923257629,4.27738134313,195.0
35.7619956824,-2.35515823427,51.1496767321,3.0,6.49600894498,-0.299105095753,4.29143948189,195.0
-2.03783676675,80.4376874833,15.7568331389,0.0,2.00111780864,10.2155863104,-0.244540412009,196.0
-2.12428400712,80.426319069,15.923468055,1.0,2.02228044299,10.2141425218,-0.254914080854,196.0
-2.04324238299,80.4614532689,15.7335625574,2.0,1.99816244479,10.2186045651,-0.245189085958,196.0
-1.94931137412,80.3264416499,15.774280903,3.0,2.00333367469,10.2014580895,-0.233917364895,196.0
-7.13339348673,49.2537793834,97.4246167474,0.0,12.3729263269,6.2552299817,-0.856007218408,197.0
-7.10347564899,49.3916378623,97.526491974,1.0,12.3858644807,6.27273800852,-0.852417077879,197.0
-7.01811639846,49.2516297688,97.3821819378,2.0,12.3675371061,6.25495698064,-0.842173967815,197.0
-7.09693405323,49.2743697975,97.2654036548,3.0,12.3527062642,6.25784496428,-0.851632086388,197.0
45.3029010126,-4.52838570158,68.6332628594,0.0,8.71642438315,-0.575104984101,5.43634812151,198.0
45.0049368749,-4.70218197182,68.6550511707,1.0,8.71919149868,-0.597177110421,5.40059242499,198.0
45.0840306727,-4.97219866233,68.7356834152,2.0,8.72943179373,-0.631469230116,5.41008368072,198.0
45.1805814539,-4.62870993032,68.5999786154,3.0,8.71219728415,-0.58784616115,5.42166977446,198.0
-6.10989189458,15.0014913146,34.489250006,0.0,4.38013475076,1.90518939695,-0.73318702735,199.0
-6.09360142765,15.0726521191,34.6092804726,1.0,4.39537862002,1.91422681913,-0.731232171318,199.0
-6.10322037236,15.0503199448,34.563202823,2.0,4.38952675852,1.91139063299,-0.732386444684,199.0
-5.96466167802,14.908004655,34.4214417529,3.0,4.37152310261,1.89331659119,-0.715759401363,199.0
42.7634954649,127.053454369,30.7525270977,1.0,3.9055709414,16.1357887049,5.13161945578,200.0
-4.2830572568,39.5802889967,2.42404032836,3.0,0.307853121702,5.02669670258,-0.513966870816,201.0
